sugars_100g,fat_100g
15.0,7.0
0.4,0.0
3.0,3.0
3.9,0.3
16.3,4.9
1.8,3.3
2.0,9.4
1.7,5.9
21.9,22.0
23.0,0.0
20.0,21.0
7.5,3.3
0.0,0.0
27.0,0.0
0.9,9.1
1.2,2.2
1.0,12.7
0.6,6.7
3.8,3.7
1.4,2.3
1.0,4.5
2.1,0.2
21.6,5.6
10.0,2.0
1.0,7.2
4.6,4.4
0.1,25.0
11.0,0.2
38.0,5.7
1.4,8.1
14.29,28.57
17.86,17.86
1.3,1.4
17.4,5.9
0.1,33.0
0.7,0.3
0.9,13.0
3.0,5.0
1.7,6.2
2.3,5.1
0.6,2.2
1.6,5.6
0.5,17.0
2.0,16.0
1.0,15.0
6.5,8.5
1.0,1.3
2.0,4.5
1.4,2.3
0.9,4.1
2.0,5.8
0.0,29.0
3.3,4.1
1.9,10.0
4.1,4.8
63.0,0.1
1.9,7.1
55.0,0.1
1.6,5.6
1.9,14.0
0.01,0.5
1.9,3.7
3.57,57.14
11.54,18.27
15.62,18.75
42.5,37.5
3.33,36.67
29.8,20.1
21.82,18.18
3.57,60.71
16.67,26.67
2.22,2.22
2.38,5.95
32.5,17.5
30.0,33.33
27.27,10.91
6.67,50.0
33.33,20.0
5.56,22.22
6.67,46.67
6.67,43.33
3.33,46.67
6.67,30.0
11.11,6.67
37.5,35.0
35.71,32.14
3.92,21.57
29.09,9.09
23.21,28.57
7.0,65.0
21.43,17.86
37.5,35.0
21.82,14.55
0.0,0.0
0.0,0.0
8.51,5.32
8.89,1.11
9.09,25.45
32.3,28.6
12.73,14.55
23.64,4.55
21.43,8.93
12.3,0.4
1.54,9.23
5.36,2.68
1.72,1.72
5.17,1.72
2.94,2.94
25.45,10.91
14.29,42.86
21.6,5.6
6.67,50.0
3.57,50.0
3.57,46.43
3.57,57.14
3.57,57.14
32.0,28.0
33.33,26.67
3.52,70.42
6.67,56.67
16.3,5.8
5.77,1.92
8.57,1.43
26.67,6.67
36.67,26.67
57.5,27.5
2.94,41.18
47.5,20.0
16.36,16.36
1.6,8.5
2.5,7.5
2.22,3.33
2.22,2.22
66.67,0.0
52.5,0.0
14.29,28.57
21.82,14.55
65.0,2.5
42.5,22.5
17.86,17.86
1.0,26.0
10.71,46.43
10.71,46.43
65.7,0.1
4.05,48.65
3.33,50.0
7.04,70.42
5.88,47.06
0.0,18.0
6.41,0.0
29.0,6.0
82.0,0.0
58.0,15.0
58.0,38.0
13.8,13.7
0.25,9.0
99.0,0.0
35.0,20.0
0.0,91.5
37.0,14.0
0.5,2.2
1.4,4.2
2.0,5.7
0.0,12.0
61.0,16.0
6.0,0.0
71.0,0.5
22.0,31.0
2.7,29.0
25.0,25.0
59.0,20.0
28.1,14.4
2.1,2.5
13.8,0.3
69.8,15.3
4.4,0.5
2.4,21.0
1.0,1.0
85.4,7.3
85.4,7.3
2.2,4.8
54.0,15.0
24.7,10.7
14.0,2.7
20.0,4.5
70.0,15.0
9.67,0.0
11.0,6.0
3.3,2.4
54.0,15.0
50.8,30.5
54.0,15.0
2.1,4.7
1.7,17.8
70.0,15.0
1.11,1.11
0.1,5.2
3.0,4.4
0.0,0.0
24.0,16.0
12.7,0.0
0.7140000000000001,6.79
66.0,0.5
93.3,0.0
32.6,39.1
50.4,36.7
51.7,36.8
0.1,0.1
58.9,31.2
75.0,1.0
75.0,1.0
70.54,10.41
70.04,10.34
69.97,10.29
0.0,0.0
42.0,7.0
81.67,6.42
0.0,0.25
0.0,86.67
0.0,76.0
0.0,80.0
81.67,6.42
55.0,31.0
41.3,36.7
58.0,38.0
58.0,38.0
58.0,38.0
65.0,0.0
55.7,30.1
84.7,4.8
84.7,4.8
84.7,4.8
84.7,4.8
84.7,4.8
84.7,4.8
96.2,0.0
96.5,0.0
23.0,23.0
20.0,24.0
36.29,43.04
43.67,40.92
24.61,40.4
44.0,34.0
41.0,38.0
50.0,18.0
53.9,3.4
15.0,2.1
0.1,15.0
19.0,6.0
36.0,37.0
43.0,38.0
1.9,5.2
1.8,7.2
59.0,0.0
5.19,16.88
25.93,15.74
2.13,4.26
2.67,20.0
9.33,16.0
37.17,17.7
4.71,1.18
30.59,25.88
28.24,22.35
35.71,21.43
32.94,21.76
25.88,15.88
0.0,0.0
23.58,13.82
32.14,21.43
18.82,22.35
15.29,22.35
32.41,18.52
21.43,21.43
11.67,23.33
22.03,18.64
0.0,3.51
0.0,50.0
37.0,13.0
46.0,17.0
51.5,33.3
29.41,22.35
46.43,39.29
0.9,48.2
2.9,1.1
2.9,1.1
2.2,1.2
1.2,1.1
2.9,1.1
15.0,13.0
14.0,17.0
19.0,15.0
0.0,0.0
17.0,24.0
12.0,23.0
12.0,27.0
16.0,15.0
5.1,1.5
16.0,8.4
44.0,7.0
44.0,7.0
50.09,19.7
1.6,83.0
0.0,0.0
19.0,12.0
5.0,35.0
50.0,31.0
44.2,27.9
22.0,22.0
50.0,31.0
2.0,13.0
40.3,8.4
6.9,21.0
4.7,0.2
3.8,0.2
51.6,30.5
10.4,0.0
3.3,4.6
21.5,0.2
17.0,23.5
17.0,23.8
59.0,0.0
64.8,0.0
65.0,0.1
56.0,0.0
0.0,0.0
12.0,37.0
20.8,13.0
0.7,12.0
10.7,0.1
0.0,0.1
32.7,42.5
1.0,2.6
35.0,20.0
3.6,6.5
0.1,0.9
0.0,10.3
0.8,3.1
1.0,10.0
8.4,0.4
1.6,4.9
0.5,7.2
2.8,9.9
1.5,2.5
12.8,9.6
2.8,5.6
2.5,1.2
1.5,6.3
0.6,16.3
3.5,24.1
4.2,0.8
1.0,9.0
2.6,5.9
3.7,6.6
1.6,8.1
0.5,15.0
0.01,3.3
0.1,11.9
0.3,4.0
1.6,17.0
3.0,8.9
3.6,2.1
2.4,2.5
2.0,11.0
1.4,14.9
2.0,7.6
16.5,10.5
24.3,28.2
2.9,18.0
0.5,10.3
0.6,6.0
1.1,7.4
2.2,7.9
1.0,0.4
0.6,0.6
28.2,22.6
1.2,2.0
2.8,14.6
1.7,9.5
30.2,20.3
1.0,14.0
1.0,17.0
2.0,12.0
6.5,24.6
2.4,8.0
1.2,16.0
0.9,18.0
1.8,12.0
1.4,14.0
1.1,9.4
1.2,13.0
0.8,13.0
4.2,16.5
4.1,20.4
1.7,18.6
2.1,7.4
2.6,11.0
0.6,11.0
1.3,2.5
0.1,8.0
1.7,15.0
15.8,4.2
25.0,8.0
17.3,10.9
1.5,10.9
7.3,13.2
2.5,0.9
14.0,0.0
0.0,0.0
47.1,27.0
0.5,2.0
0.0,92.0
2.86,0.0
0.15,42.2
1.2,0.5
22.8,0.1
22.8,0.1
10.4,0.0
2.6,1.8
2.3,4.1
22.5,21.8
3.0,5.0
3.1,5.0
26.0,23.0
32.0,48.0
0.2,22.7
91.2,6.0
0.0,71.43
0.0,57.14
0.0,13.3
8.77,2.63
31.0,25.0
53.6,34.7
35.0,0.3
30.53,25.95
38.6,20.0
26.6,9.2
1.0,56.0
19.0,5.4
2.94,2.94
20.0,9.6
16.0,10.0
21.1,13.8
2.6,27.0
0.6,0.3
30.0,25.0
18.2,28.9
88.0,0.0
0.0,28.57
0.0,0.0
7.4,22.2
5.88,1.47
2.56,2.56
21.7,9.5
5.4,20.0
42.0,0.5
6.5,26.25
28.0,19.0
18.0,7.3
25.0,0.0
34.38,0.0
34.0,15.0
0.2,15.09
25.0,11.0
8.67,8.33
10.0,7.5
49.6,28.0
43.6,28.0
56.0,31.2
51.6,21.4
28.57,21.43
28.57,21.43
17.65,17.65
17.65,17.65
16.9,11.27
15.49,15.49
10.0,6.66666666666667
1.6,14.0
6.0,4.6
1.62,7.01
39.0,23.0
4.2,3.8
3.2,8.0
6.0,4.6
3.1,1.2
37.0,24.0
1.0,3.67
2.6,1.8
6.0,4.6
9.7,0.5
57.0,23.0
1.6,2.4
0.0,32.14
34.0,27.0
4.4,6.3
1.0,7.1
50.0,0.0
93.0,0.0
2.26,1.85
14.0,17.0
21.0,24.0
8.2,20.9
3.8,3.0
3.3,5.4
55.36,32.14
55.0,32.5
57.14,33.33
50.0,32.5
50.0,40.0
55.81,32.56
55.81,32.56
28.95,39.47
55.0,32.5
47.5,32.5
55.56,33.33
55.56,33.33
55.26,31.58
50.0,31.58
50.0,31.58
60.0,27.5
55.56,33.33
50.0,33.33
54.29,31.43
55.26,31.58
3.1,2.1
0.0,0.0
0.0,0.0
1.0,44.5
35.7,25.2
9.0,6.0
1.18,0.0
1.18,0.0
1.18,0.0
0.0,0.0
0.0,0.0
2.38,0.0
1.82,0.0
1.18,0.0
2.0,5.3
7.8,7.5
1.8,1.0
27.0,28.0
4.3,6.5
26.8,24.3
1.4,1.3
1.4,1.3
2.45,11.0
1.3,1.2
1.2,6.3
6.0,8.0
55.56,30.56
56.76,32.43
9.3,2.1
37.5,27.5
1.4,1.6
2.4,47.7
4.0,8.2
10.0,7.5
10.42,0.0
13.33,0.0
10.0,0.0
8.33,0.0
0.0,9.1
10.42,0.0
8.33,0.0
10.0,7.5
1.4,2.7
18.0,11.0
64.29,0.0
64.29,0.0
42.5,0.0
40.0,0.0
40.0,0.0
40.0,0.0
40.0,0.0
40.0,0.0
40.0,0.0
0.0,32.0
57.5,0.0
24.0,0.0
21.0,0.0
75.0,17.5
60.0,0.0
42.86,0.0
75.0,0.0
64.29,0.0
78.57,1.79
82.35,0.0
70.0,0.0
60.0,0.0
80.0,0.0
83.33,0.0
75.0,0.0
75.0,0.0
75.0,0.0
75.0,0.0
32.5,0.0
75.0,0.0
65.0,0.0
73.91,0.0
76.19,0.0
44.71,25.88
40.0,25.88
44.71,25.88
78.57,0.0
78.57,0.0
78.57,0.0
0.0,0.0
37.5,0.0
37.5,0.0
37.5,0.0
37.5,0.0
37.5,0.0
37.5,0.0
45.0,0.0
60.0,0.0
42.5,0.0
100.0,0.0
100.0,0.0
100.0,0.0
93.0,0.0
35.0,4.7
1.8,10.0
3.8,3.0
76.19,0.0
76.19,0.0
76.19,0.0
76.19,0.0
76.19,0.0
80.0,0.0
80.0,0.0
80.0,0.0
80.0,0.0
80.0,0.0
1.8,2.3
0.0,0.0
0.0,0.0
9.0,0.5
27.2,3.2
0.0,10.71
17.86,39.29
3.0,0.0
7.0,0.0
47.0,0.0
72.0,0.0
6.0,0.0
30.0,0.0
20.0,9.6
3.57,39.3
0.0,0.0
44.23,26.92
56.76,32.43
10.0,6.2
37.72,30.28
0.0,0.0
0.0,5.0
1.3,21.4
1.91,0.331
31.0,18.0
0.0,5.0
3.1633334,38.34
0.4,55.0
3.08,0.0
4.6,5.4
25.81,29.03
7.5,11.3
50.0,0.0
1.79,0.89
4.24,6.78
0.0,3.8
1.8,3.3
43.33,0.0
0.6,12.4
0.5,19.5
0.0,99.89
96.0,0.5
1.3,21.4
12.4,4.0
37.4,26.0
34.7,17.9
33.5,29.1
36.5,20.5
20.7,32.1
41.2,15.2
34.4,29.3
31.8,20.8
35.7,13.3
33.4,25.3
42.5,17.8
31.8,20.8
10.6,0.3
7.35,65.53
0.1,34.0
5.7,0.4
2.2,1.9
0.505,6.06
3.0,14.4
1.8,1.2
2.6,7.4
46.0,0.7
2.3,9.6
11.06,1.43
1.1,7.0
42.0,6.1
1.4,6.8
8.9,3.1
3.0,8.2
0.9,1.2
14.7,2.3
0.01,0.01
2.5,22.0
0.1,6.9
28.0,0.0
2.5,1.8
2.5,1.25
1.8,1.6
1.4,2.2
2.5,1.7
3.0,48.0
3.12,50.0
3.12,50.0
2.6,13.1
0.0,0.0
76.19,0.0
76.2,0.0
5.7,0.4
1.6,11.4
0.0,0.5
5.1,5.2
8.2,0.0
5.6,1.2
0.0,2.0
25.0,12.5
3.2,1.6
0.0,0.0
55.5,0.2
12.27,2.52
25.6,23.8
0.0,6.0
3.0,53.0
45.24,35.71
1.5,2.7
1.5,0.6
2.7,1.4
3.5,3.0
14.2,4.1
0.01,9.0
9.6,0.0
0.6,1.6
18.7,28.8
27.83,2.66
31.0,27.0
5.0,16.0
0.9,56.0
54.0,0.2
1.27,6.37
24.8,10.1
17.0,11.0
24.0,16.0
0.5,1.5
5.5,1.0
23.0,26.0
0.6,7.2
11.1,2.8
46.0,30.5
0.0,22.0
3.6,0.1
0.6,12.0
13.0,14.0
4.1,0.1
0.0,12.0
23.6,20.0
7.7,1.7
1.3,0.0
0.5,11.0
4.1,12.0
0.0,16.9
1.0,3.3
7.3,18.8
2.6,6.1
45.0,14.0
1.0,10.0
0.6,3.0
4.6,6.7
1.3,4.8
4.7,5.2
0.0,33.0
8.0,46.0
3.5,1.0
8.0,2.8
3.0,4.5
0.7,2.9
1.0,2.9
0.5,23.8
69.6,0.76
3.0,0.5
2.4,1.5
18.0,16.0
0.0,20.0
9.7,0.0
2.6,8.7
14.0,21.0
11.0,0.1
49.0,35.0
1.6,8.2
5.0,8.1
6.0,11.0
21.4,15.5
32.4,23.1
17.2,25.1
59.0,0.3
2.6,1.4
4.0,33.4
5.0,0.5
27.0,22.0
1.4,0.5
1.27,6.37
18.0,33.0
2.3,11.0
25.6,20.0
1.5,4.0
25.0,13.0
0.6,28.0
2.4,6.6
0.0,0.7
1.0,0.1
2.7,9.9
0.0,0.0
13.0,2.4
0.5,7.2
4.0,5.0
4.2,6.8
2.4,12.0
0.0,2.7
0.5,8.2
14.0,1.9
4.8,24.0
8.0,10.8
21.0,12.0
22.4,24.0
3.4,6.6
6.4,1.3
32.0,29.0
2.7,27.3
9.3,8.1
2.4,10.0
3.5,45.0
1.2,10.2
2.9,8.0
52.3,0.2
0.5,15.8
10.0,0.0
12.0,20.5
0.4,14.3
1.8,0.4
43.0,31.0
0.009000000000000001,51.8
59.0,24.1
0.1,0.5
3.7,3.5
0.05,0.5
0.1,0.5
1.6,1.4
4.5,4.6
3.5,6.8
3.9,12.6
4.0,35.2
0.5,11.4
13.33,0.0
13.33,0.0
25.0,0.0
0.7,3.3
86.67,0.0
32.0,25.0
32.0,25.0
37.0,20.0
0.9,24.1
1.4,26.7
29.4,26.8
36.9,21.0
44.6,19.4
7.1,0.5
25.0,17.0
3.2,12.3
31.58,7.89
4.1,7.9
0.0,9.4
30.2,26.1
0.0,0.0
20.0,0.0
41.0,2.0
32.7,1.3
33.9,0.3
3.76,12.0
4.6,6.6
32.7,9.62
2.9,15.5
1.0,16.5
1.8,27.0
2.9,2.0
14.8,29.2
39.29,32.14
6.67,16.67
0.0,100.0
21.3,19.9
41.9,20.0
34.6,11.0
20.1,12.5
17.8,30.4
27.8,29.7
2.5,26.5
1.5,27.2
15.1,11.1
21.2,34.9
2.2,30.2
25.2,35.1
2.4,30.9
50.0,20.0
20.0,47.5
35.0,50.0
27.5,47.5
50.0,20.0
48.8,34.4
95.6,0.5
47.1,20.7
43.7,28.7
1.7,20.1
1.1,6.7
1.1,15.3
0.1,13.4
62.6,0.5
46.8,1.1
51.6,0.8
7.1,0.1
1.0,10.0
18.0,36.0
7.6,0.1
48.0,34.0
48.0,34.0
48.0,34.0
47.5,37.5
3.5,0.5
9.1,0.1
55.3,1.0
6.67,4.44
2.0,0.0
11.0,0.0
30.5,21.5
6.0,5.7
50.5,29.2
5.5,3.4
39.5,6.9
0.9,3.0
6.77,0.0
35.0,18.0
3.1,0.6
5.0,46.0
41.8,7.3
3.2,5.2
13.0,0.0
82.0,0.5
2.4,2.1
0.0,0.0
0.4,27.6
5.3,16.6
0.0,6.4
1.5,0.9
0.1,34.4
0.1,34.4
37.5,0.0
14.5,7.1
13.7,6.7
3.7,0.7
15.7,2.4
0.0,0.0
47.1,37.7
53.1,37.3
1.2,13.3
28.6,14.3
1.67,36.67
0.0,7.94
0.0,30.0
0.792,26.7
1.52,7.58
49.3,0.5
9.38,53.12
9.38,50.0
48.2,0.5
1.0,9.0
0.0,5.74
9.4,6.8
19.6,22.8
0.9,24.3
45.1,14.9
0.0,100.0
1.52,18.5
0.0,0.0
3.2,5.2
5.6,2.6
2.4,0.4
0.0,34.6
1.3,38.3
0.9,0.5
36.7,15.3
78.57,0.0
1.3,0.5
0.1,34.2
0.2,0.6
70.1,0.7
30.7,28.4
2.0,9.3
59.3,28.5
5.8,50.2
35.1,28.1
27.0,31.3
14.7,28.2
56.3,27.3
46.67,16.67
2.0,7.9
2.1,2.2
32.7,7.5
80.0,0.0
2.6,47.5
26.6,8.8
73.2,0.4
0.1,0.0
0.0,0.1
51.2,0.8
57.3,0.7
53.7,20.5
79.1,3.3
39.1,26.9
40.1,27.3
2.3,2.0
11.1,32.1
3.0,30.0
4.8,0.4
6.45,64.52
4.8,9.6
4.6,5.3
48.89,5.56
48.89,5.56
48.89,5.56
48.89,5.56
48.89,5.56
48.89,5.56
48.89,5.56
48.89,5.56
48.89,5.56
48.89,5.56
48.89,5.56
48.89,5.56
48.89,5.56
48.89,5.56
48.89,5.56
33.3,38.4
51.0,34.3
32.9,46.4
7.92,1.04
1.5,1.3
0.5,0.5
4.5,9.0
10.3,16.0
27.0,41.7
12.2,0.5
39.7,28.5
4.7,5.3
0.6,3.1
14.3,0.3
0.0,0.0
2.9,0.9
1.8,2.1
1.0,3.4
21.6,11.7
92.6,0.2
0.5,70.0
0.0,0.0
1.3,2.1
0.0889,2.62
4.9,1.2
0.5710000000000001,3.43
0.7,4.2
2.4,2.7
1.4,18.2
58.0,33.8
15.8,6.14
50.0,28.95
3.33,10.0
5.29,4.41
7.5,0.0
8.4,4.5
1.7,9.0
10.1,0.0
0.5,28.0
0.05,8.2
56.1,31.71
57.89,28.95
57.5,32.5
52.38,35.71
42.86,28.57
52.5,32.5
53.85,35.9
52.5,35.0
50.0,40.0
50.0,39.47
0.5,92.0
0.3,3.1
9.5,7.7
15.1,9.7
36.9,0.3
6.67,0.0
50.4,40.4
4.3,19.6
0.1,0.6
45.3,23.0
8.6,0.1
15.2,6.9
36.11,27.78
61.9,0.0
5.71,4.29
1.0,16.6
14.29,0.0
2.0,6.0
54.55,0.0
0.0,16.67
18.2,10.8
53.5,32.5
56.1,29.3
61.1,16.3
67.8,1.0
12.0,0.5
9.4,1.9
1.7,1.3
8.1,0.3
1.1,0.1
0.0,10.0
10.9,0.0
2.3,7.1
9.3,4.65
6.98,3.49
9.3,5.81
5.56,4.17
5.0,8.75
9.7,0.2
0.0,0.0
0.0,0.0
1.4,0.6
1.909,1.3
1.7,1.1
2.2,1.6
3.93,5.36
39.4,27.2
3.33,0.0
0.0,0.0
3.3,0.6
2.7,1.6
2.0,2.8
0.7,3.0
3.9,2.2
0.1,34.9
1.1,34.4
11.8,5.5
8.8,5.5
49.0,33.0
23.4,15.5
10.0,0.0
57.4,0.9
10.0,35.0
10.0,35.0
0.0,0.0
57.8,0.6
0.05,0.4
0.1,0.1
4.44,0.0
2.2,0.6
4.1,0.5
3.6,2.6
0.2,5.9
0.4,4.8
21.0,25.0
1.0,18.0
34.9,27.1
7.9,52.0
27.3,33.1
15.0,45.4
4.6,55.8
12.0,0.2
42.1,24.6
4.1,0.1
9.1,0.2
3.5,62.2
4.8,54.7
23.0,0.4
1.0,21.7
0.6,22.7
10.0,6.67
3.1,2.6
0.0,0.0
2.22,7.78
10.1,16.9
11.0,0.0
0.1,0.9
18.8,11.6
0.4,32.9
0.0,7.78
60.0,10.0
1.5,4.4
10.9,0.2
8.5,0.1
21.05,0.0
8.3,2.2
8.4,0.1
4.6,4.3
26.67,26.67
1.54,10.8
3.53,15.29
1.76,20.0
3.5,52.5
3.33,50.0
6.66666666666667,43.3333333333333
0.0,21.43
0.0,21.43
0.0,25.0
1.0,3.0
1.0,2.5
1.0,4.0
0.79,8.66
1.0,6.0
1.0,7.0
2.0,10.0
1.0,5.0
2.0,9.0
1.0,10.0
1.0,6.0
1.0,8.0
5.0,8.0
0.94,4.9
1.0,7.0
1.0,12.0
2.0,0.0
0.0,0.0
26.32,26.32
26.32,28.07
29.55,31.82
26.67,26.67
26.67,30.0
26.67,26.67
33.3,26.7
26.92,28.85
23.08,26.92
26.32,26.32
0.3,6.0
5.56,13.89
5.56,8.33
5.56,8.33
0.0,14.0
0.0,71.43
0.0,71.43
0.0,28.57
0.0,0.0
43.4,26.98
26.46,8.82
29.41,8.82
32.14,3.57
25.0,3.57
21.43,7.14
25.78,5.47
54.9,19.8
9.78,0.0
12.67,0.0
10.67,2.0
8.42,2.11
9.3,0.0
11.0,0.0
11.6,0.0
9.3,0.0
14.0,0.01
3.8,0.0
4.65,0.0
4.65,0.0
4.65,0.0
4.65,0.0
10.54,0.0
90.0,0.0
3.94,0.0
50.0,0.0
9.3,0.0
90.0,0.0
5.0,0.0
1.0,50.0
66.67,0.0
3.0,0.0
66.67,0.0
66.67,0.0
13.33,0.0
13.33,0.0
20.0,0.0
20.0,0.0
33.33,0.0
33.33,0.0
33.33,0.0
33.33,0.0
13.33,0.0
20.0,0.0
20.0,0.0
3.7,44.4
23.08,11.54
52.17,15.22
23.08,7.69
21.15,7.69
6.1,2.03
6.1,2.03
6.1,2.03
26.67,11.11
12.8,2.76
0.62,2.77
19.0,5.0
20.0,22.22
5.54,1.85
0.62,2.77
0.31,2.46
3.85,13.46
6.0,6.0
25.0,10.71
25.0,10.71
21.43,10.71
10.71,8.93
3.57,8.93
10.71,8.93
3.57,8.93
10.71,8.93
3.57,8.93
25.0,10.71
21.43,10.71
1.0,7.0
3.0,14.0
36.67,10.0
14.0,0.0
14.0,0.0
14.0,0.0
25.0,0.0
1.3,23.4
0.8,15.2
5.0,5.0
14.9,16.0
0.0,0.0
1.3,23.7
4.4,2.5
1.5,0.7
10.83,2.08
3.33,0.0
21.21,0.0
21.21,0.0
16.67,0.0
0.0,1.79
0.0,0.0
1.4,26.7
17.86,20.24
50.0,21.88
45.95,21.62
12.0,29.33
51.4,22.9
51.0,22.0
51.4,20.0
53.0,0.0
88.33,0.0
88.33,0.0
88.0,0.0
88.33,0.0
66.67,0.0
42.86,0.0
88.33,0.0
88.33,0.0
88.33,0.0
88.33,0.0
88.33,0.0
1.72,1.72
1.72,1.72
3.0,0.2
3.0,1.0
3.0,1.0
0.1,34.0
1.7,1.3
4.8,21.9
11.3,9.1
5.2,5.6
2.0,0.01
60.0,17.5
55.0,20.0
55.81,32.56
54.76,33.33
40.0,20.0
73.68,15.79
47.37,26.32
37.21,37.21
50.0,19.05
47.62,23.81
65.71,25.71
54.76,23.81
52.5,25.0
52.5,27.5
56.41,30.77
60.0,10.0
60.0,10.0
35.71,28.57
58.7,26.09
55.81,34.88
55.26,34.21
36.67,20.0
50.0,23.33
46.43,28.57
42.86,21.43
39.29,35.71
32.26,41.94
32.26,41.94
48.57,22.86
47.5,20.0
52.5,22.5
46.67,20.0
43.33,23.33
50.0,30.0
58.14,27.91
64.29,19.05
32.43,40.54
51.43,31.43
32.43,29.73
28.24,10.0
3.0,3.1
3.0,10.0
58.6,20.6
86.6,1.8
63.5,0.8
52.9,32.2
58.9,1.7
50.2,0.5
53.9,0.4
1.5,1.3
58.9,1.7
7.2,0.1
4.0,0.1
0.0,0.1
17.2,4.0
1.2,11.5
2.7,2.1
2.9,2.3
4.6,8.4
2.5,1.9
1.0,0.1
0.1,28.9
53.9,0.4
4.8,0.1
1.6,10.3
9.3,6.4
0.4,82.0
56.7,1.0
67.0,0.2
3.57,21.43
3.57,16.07
2.5,11.4
0.7,4.7
47.1,2.88
2.78,0.0
1.1,2.3
0.5,4.4
4.5,0.0
3.33,0.0
6.0,7.5
1.4,3.3
3.0,12.4
52.5,0.0
3.8,0.02
25.0,0.0
20.83,3.65
23.96,0.0
25.0,0.0
22.73,4.55
25.0,0.0
5.17,0.0
25.0,18.75
23.33,16.67
25.0,18.75
39.13,17.39
3.8,4.2
0.7,4.7
88.1,0.0
87.18,0.0
76.19,0.0
2.5,55.9
1.5,5.4
7.04,31.69
40.91,34.27
0.1,2.7
0.2,2.7
13.33,0.0
25.0,0.0
20.0,0.0
20.0,0.0
20.0,0.0
13.33,0.0
2.0,0.0
13.33,0.0
25.0,0.0
14.29,0.0
17.86,0.0
17.86,0.0
0.0,0.0
25.0,0.0
14.29,0.0
17.86,0.0
13.33,0.0
25.0,0.0
0.0,0.0
17.86,0.0
13.33,0.0
28.57,0.0
21.43,0.0
13.33,0.0
3.57,0.0
7.14,0.0
21.43,0.0
32.14,0.0
17.86,0.0
21.43,0.0
13.33,0.0
20.0,0.0
17.86,0.0
14.29,0.0
13.33,0.0
17.86,0.0
13.33,0.0
13.33,0.0
25.86,0.0
0.0,13.6
2.9,0.1
0.2,7.7
7.2,4.0
4.02,0.0
50.0,0.0
0.77,0.77
17.65,0.0
60.0,0.0
0.5,27.9
1.8,7.5
1.4,7.4
2.7,7.7
0.2,2.1
0.0,16.07
1.32,23.68
12.11,0.0
12.11,0.0
12.68,0.28
1.6,31.7
1.2,12.0
20.59,2.35
7.1,0.3
7.1,0.3
47.5,32.5
42.5,37.5
50.0,37.5
50.0,35.0
41.7,32.2
48.4,31.8
47.5,37.5
36.11,52.78
38.89,52.78
38.89,52.78
38.89,50.0
43.9,39.02
38.89,50.0
38.89,50.0
54.29,34.29
45.95,40.54
55.0,32.5
47.5,37.5
47.5,37.5
47.5,37.5
51.22,36.59
38.89,50.0
38.89,50.0
52.38,30.95
7.0,55.0
42.11,34.21
33.33,48.48
41.94,45.16
42.11,34.21
47.5,30.0
41.67,50.0
36.11,52.78
36.11,52.78
56.41,28.21
58.97,28.21
57.5,27.5
60.0,27.5
48.72,35.9
12.5,45.0
42.5,32.5
38.89,50.0
38.89,52.78
38.89,52.78
38.89,52.78
38.89,52.78
38.89,52.78
38.89,52.78
47.5,37.5
47.5,35.0
38.89,47.22
47.5,37.5
47.5,35.0
47.5,37.5
41.03,41.03
43.9,39.02
43.59,46.15
47.5,37.5
46.51,39.53
30.56,52.78
38.89,47.22
38.89,52.78
36.11,52.78
42.86,40.48
33.33,48.48
52.38,19.05
47.22,41.67
37.5,46.88
43.9,39.02
50.0,37.5
45.24,42.86
44.74,44.74
43.9,46.34
53.85,33.33
37.5,46.88
43.9,41.46
38.89,52.78
55.0,32.5
47.5,37.5
47.5,37.5
36.11,50.0
38.89,47.22
43.9,41.46
44.74,47.37
50.0,30.0
47.5,30.0
47.5,30.0
35.0,30.0
52.5,32.5
47.5,30.0
36.11,52.78
41.67,50.0
37.5,54.17
33.33,54.17
41.67,50.0
41.67,50.0
37.5,50.0
38.89,52.78
36.11,52.78
38.89,50.0
36.11,52.78
38.89,50.0
38.89,52.78
38.89,47.22
36.11,52.78
38.89,52.78
47.5,35.0
38.89,50.0
54.76,21.43
42.11,34.21
33.33,48.48
38.89,47.22
38.89,52.78
38.89,52.78
30.56,52.78
38.89,50.0
50.0,40.0
52.5,32.5
47.5,35.0
50.0,30.0
50.0,37.5
52.63,36.84
47.73,38.64
48.72,35.9
50.0,35.0
38.89,50.0
38.89,52.78
36.11,52.78
38.89,47.22
38.89,50.0
30.56,52.78
38.89,47.22
38.89,52.78
38.89,50.0
38.89,52.78
38.89,52.78
47.5,30.0
38.89,50.0
36.11,52.78
38.89,47.22
38.89,52.78
52.5,32.5
52.5,35.0
38.89,50.0
38.89,50.0
55.0,32.5
35.0,30.0
38.89,52.78
55.0,32.5
38.89,52.78
36.11,50.0
47.5,30.0
7.5,55.0
52.5,30.0
36.11,50.0
38.89,50.0
41.67,54.17
38.89,47.22
38.89,50.0
39.53,44.19
38.89,50.0
42.86,50.0
38.89,52.78
38.89,47.22
38.89,50.0
42.5,30.0
52.5,35.0
48.72,38.46
38.89,50.0
47.5,30.0
39.0,53.0
48.57,37.14
40.48,50.0
42.86,50.0
50.0,40.0
38.89,47.22
38.89,52.78
42.11,50.0
38.89,47.22
38.89,47.22
39.47,47.37
38.89,47.22
38.89,52.78
38.89,50.0
55.0,32.5
39.47,47.37
7.0,19.0
3.12,56.2
45.0,35.0
0.0,40.0
3.12,56.9
4.8,0.1
20.2,22.0
1.6,0.0
4.8,6.0
9.1,0.2
28.0,53.0
8.1,8.5
0.0,0.0
39.47,42.11
0.0,0.0
1.02,0.0
0.0,0.0
0.0,0.0
0.0,0.0
0.0,0.0
0.0,0.0
0.0,0.0
0.0,0.0
0.0,0.0
0.0,0.0
0.0,0.0
0.0,0.0
0.0,0.0
0.0,0.0
0.0,0.0
0.0,0.0
0.0,0.0
0.0,0.0
0.0,0.0
0.0,0.0
0.0,0.0
0.0,0.0
0.0,0.0
0.0,0.0
0.0,0.0
0.0,0.0
0.0,0.0
0.0,0.0
0.0,0.0
0.0,0.0
0.0,0.0
0.0,0.0
0.0,0.0
0.0,0.0
0.0,0.0
0.0,0.0
0.0,0.0
0.0,0.0
0.0,0.0
0.0,0.0
0.0,0.0
0.0,0.0
0.0,0.0
8.44,0.23
0.0,0.0
0.0,0.0
0.0,0.0
0.0,0.0
0.0,0.0
0.0,0.0
0.0,0.0
0.0,0.0
0.0,0.0
0.0,0.0
0.0,0.0
39.47,42.11
39.47,42.11
39.47,42.11
39.47,42.11
39.47,42.11
39.47,42.11
39.47,42.11
15.0,27.0
39.47,42.11
39.47,42.11
39.47,42.11
39.47,42.11
39.47,42.11
39.47,42.11
39.47,42.11
39.47,42.11
33.33,50.0
33.33,50.0
37.5,42.5
37.5,42.5
40.0,42.5
40.0,42.5
40.0,42.5
40.0,42.5
40.0,42.5
40.0,42.5
40.0,42.5
40.0,42.5
37.5,42.5
37.5,42.5
37.5,42.5
37.5,42.5
37.5,42.5
37.5,42.5
37.5,42.5
40.0,42.5
40.0,42.5
45.45,27.27
40.0,42.5
45.0,37.5
42.5,37.5
44.23,25.0
43.4,25.4
42.59,24.07
44.23,26.92
56.76,32.43
56.7,30.0
56.76,32.43
56.8,32.4
56.8,32.4
56.8,32.4
40.0,35.0
11.4,2.8
0.4,0.4
15.8,26.3
57.6,0.2
2.38,0.0
26.4,20.4
1.0,2.0
0.9,13.8
0.4,14.6
31.7,19.8
26.8,22.0
0.9,13.8
2.6,28.7
1.3,5.3
5.7,55.7
22.2222222222222,22.2222222222222
23.53,0.0
26.67,40.0
30.0,43.33
30.0,40.0
26.67,43.33
26.67,50.0
30.0,43.33
1.2,5.2
0.0,0.0
26.5,19.06
1.0,0.0
0.0,28.0
0.0,0.0
1.7,17.4
21.43,10.71
14.29,10.71
25.0,7.14
28.57,8.93
35.71,7.14
39.29,7.14
10.0,2.0
9.2,0.5
0.0,0.0
0.0,20.0
10.0,0.0
4.8,1.2
2.65,2.21
0.0,31.7
40.3,39.3
30.77,21.54
2.35,17.65
40.6,13.3
24.0,45.1
0.0,16.67
0.0,17.33
43.9,40.8
49.0,41.7
45.7,39.1
42.3,37.1
49.5,35.2
2.14285714285714,4.28571428571429
31.8,40.4
49.3,33.7
59.0,31.0
72.25,20.5
36.5,40.8
0.0,0.0
0.0,3.33
1.67,3.33
8.75,6.25
1.7,0.9
1.1,2.4
2.0,12.8
21.5,15.2
17.0,15.2
20.4,20.5
31.0,19.8
33.6,19.9
12.5,1.25
69.7,0.5
4.3,1.3
0.0,46.43
3.33,60.0
3.33,50.0
3.33,73.33
3.33,63.33
3.33,73.33
3.33,66.67
3.33,66.67
3.33,66.67
3.33,66.67
3.33,66.67
3.33,66.67
8.94,3.29
40.0,21.18
25.88,25.88
5.88,7.06
5.88,9.41
7.06,5.88
5.88,7.06
5.71,45.71
22.86,40.0
5.71,45.71
35.71,39.29
28.57,42.86
21.43,39.29
3.33,73.33
3.33,73.33
3.33,73.33
3.33,66.67
3.33,66.67
35.71,39.29
3.33,73.33
3.33,73.33
3.33,73.33
3.33,60.0
3.57,46.43
3.57,46.43
28.57,35.71
35.71,32.14
5.71,45.71
3.57,50.0
3.57,50.0
5.71,45.71
3.57,46.43
5.71,45.71
5.71,45.71
5.71,45.71
3.57,46.43
5.71,45.71
5.71,45.71
3.33,50.0
0.81,7.32
3.33,50.0
6.67,43.33
6.67,46.67
3.33,50.0
3.33,50.0
3.33,76.67
3.33,50.0
5.71,45.71
5.71,45.71
3.57,53.57
3.57,53.57
6.25,56.25
3.57,57.14
3.57,46.43
3.57,46.43
3.57,57.14
3.57,46.43
3.57,57.14
32.94,21.18
44.71,16.47
40.0,21.18
32.14,35.71
35.71,32.14
28.57,35.71
7.14,46.43
4.71,47.06
35.71,35.71
4.71,49.41
5.7,51.4
5.71,51.43
3.57,50.0
3.57,46.43
7.14,46.43
32.14,35.71
7.14,39.29
7.14,39.29
3.57,39.29
3.57,39.29
1.76,3.33
21.18,40.0
25.0,39.29
21.43,39.29
7.14,46.43
2.0,13.0
7.14,42.86
7.14,42.86
7.14,42.86
7.14,46.43
7.14,46.43
21.43,39.29
21.43,39.29
5.65,45.2
28.57,35.71
5.71,45.71
5.65,45.2
5.65,45.2
0.48,3.81
5.65,45.2
0.0,50.0
25.0,28.57
25.0,32.14
28.57,28.57
3.57,60.71
3.57,50.0
0.71,3.81
8.47,45.2
25.0,28.57
21.43,35.71
7.14,5.36
7.14,5.36
7.14,5.36
8.0,10.0
28.0,28.0
28.0,28.0
33.33,27.27
26.45,29.68
37.93,24.14
25.81,29.03
26.67,30.0
0.0,0.0
19.9,13.0
14.58,0.0
12.5,0.0
37.4,14.6
37.88,15.15
23.01,23.89
22.12,19.47
30.09,21.24
24.56,21.05
31.86,10.62
24.56,22.81
22.81,21.05
25.66,21.24
22.81,19.3
25.66,22.12
23.89,21.24
22.81,21.05
26.55,22.12
25.66,23.01
1.56,24.22
39.73,16.44
23.53,23.53
22.35,17.65
42.47,16.44
43.84,15.07
23.53,23.53
22.35,17.65
32.31,9.23
33.85,9.23
35.38,12.31
25.66,16.81
23.4,20.21
25.53,20.21
22.34,21.28
22.34,18.09
24.47,15.96
24.47,19.15
19.72,23.94
23.24,23.24
38.94,13.27
38.94,12.39
22.94,23.53
23.53,23.53
1.18,7.65
0.59,4.12
0.59,4.71
0.59,2.94
0.0,8.24
2.35,8.24
23.0,8.0
3.33,0.0
0.0,0.8
0.0,0.0
21.0,15.2
21.3,5.6
1.0,43.0
3.57,42.86
3.57,10.71
3.57,8.93
3.57,8.93
0.0,35.71
0.0,35.71
0.0,35.71
0.0,35.71
0.0,35.71
50.0,3.57
57.14,1.79
0.0,46.43
7.14,39.29
3.57,28.57
3.57,28.57
3.57,28.57
3.57,28.57
88.0,0.0
33.33,0.0
33.33,0.0
0.0,0.89
32.0,42.7
0.4,54.0
0.0,6.39
40.6,42.9
2.6,7.0
74.29,5.71
57.14,7.14
62.86,5.71
74.29,5.71
74.29,5.71
74.29,5.71
71.43,5.71
34.38,14.06
22.0,6.0
74.29,5.71
74.29,5.71
74.29,5.71
74.29,5.71
74.29,5.71
75.0,0.0
75.0,0.0
71.43,0.0
48.57,7.14
71.43,5.71
74.29,5.71
48.57,17.14
26.0,0.0
17.7,0.0
3.03,0.0
15.04,1.77
7.6,0.0
7.6,0.0
2.7,3.7
0.0,23.62
0.0,20.41
0.0,19.23
3.57,50.0
3.7,2.3
76.19,0.0
51.3,15.4
66.0,17.0
57.14,18.37
58.5,17.1
61.54,33.33
61.54,33.33
61.54,33.33
60.47,32.56
60.47,32.56
75.0,12.5
57.5,20.0
33.0,0.0
62.5,0.0
61.1,0.0
11.0,0.0
73.17,12.2
49.0,18.0
65.85,17.07
61.0,0.0
66.0,5.2
24.0,0.0
51.3,15.4
53.85,15.38
55.0,0.0
58.54,17.07
62.5,0.0
61.1,0.0
12.0,0.0
54.0,0.0
40.0,5.8
60.76,32.91
11.43,0.0
14.63,2.44
69.23,3.85
64.29,5.36
54.17,4.17
74.19,1.61
0.1,2.9
2.3,0.7
14.1,4.12
6.0,11.0
35.0,27.0
8.54,8.54
9.76,10.98
54.1,32.4
0.2,2.6
30.0,26.6
54.17,29.17
54.17,29.17
46.43,39.29
54.17,29.17
16.0,8.0
13.0,7.0
72.0,16.0
40.0,24.0
4.0,7.3
46.7,2.9
0.0,33.33
2.4,16.5
42.25,12.68
42.25,15.49
42.25,15.49
42.25,15.49
42.25,15.49
40.85,12.68
40.85,14.08
40.85,14.08
40.85,12.68
43.66,14.08
49.23,16.92
47.69,15.38
48.24,16.47
47.06,15.29
47.06,16.47
47.06,14.12
47.06,15.29
47.06,15.29
48.24,15.29
48.24,16.47
47.06,14.12
47.06,15.29
45.88,15.29
42.25,15.49
42.25,15.49
42.25,15.49
42.25,15.49
42.25,15.49
48.24,15.29
48.48,15.15
48.48,13.64
48.0,21.0
47.06,14.12
50.0,25.0
50.0,25.0
1.8,0.5
34.3,31.4
76.19,0.0
4.0,0.0
4.71,2.94
4.71,2.94
2.35,2.35
2.35,2.35
0.0,0.0
0.0,0.0
0.0,0.0
31.86,30.09
40.71,20.35
40.86,21.51
29.29,27.27
29.29,12.12
7.14,1.79
6.67,2.22
8.89,6.67
6.98,3.49
8.89,3.33
7.32,2.44
2.33,2.33
6.67,3.33
2.22,2.22
6.98,2.33
7.69,3.85
0.0,0.0
3.45,3.45
61.67,0.0
6.98,3.49
0.0,0.0
0.0,0.0
66.67,33.33
19.35,11.83
18.28,12.9
27.06,16.47
18.52,18.52
23.16,12.63
25.88,14.12
23.17,18.29
22.62,13.1
25.88,14.12
23.81,14.29
23.17,14.63
25.0,11.9
20.59,38.24
26.67,0.0
13.33,0.0
0.0,0.0
0.0,0.0
0.0,0.0
1.79,4.46
3.57,2.68
13.33,3.33
20.45,5.68
11.25,0.0
33.3,33.3
11.58,0.0
13.56,0.0
32.14,12.5
5.49,0.0
0.0,0.0
57.14,16.88
46.67,8.33
0.0,33.33
17.65,20.59
0.0,0.0
10.81,5.41
5.71,2.14
6.06,2.02
3.57,46.43
3.57,46.43
7.14,3.57
3.57,3.57
3.57,50.0
3.57,46.43
7.14,3.57
3.57,53.57
3.57,53.57
3.57,3.57
7.14,3.57
9.52,4.76
9.52,4.76
35.21,19.72
7.69,3.85
10.81,2.7
27.47,20.88
0.89,16.96
0.0,8.93
3.0,2.0
16.13,22.58
21.88,9.38
6.25,25.0
13.56,0.0
20.0,0.0
77.14,2.86
14.29,5.36
22.67,10.67
25.71,11.43
28.57,10.0
0.0,24.14
20.0,10.0
7.69,4.62
20.0,11.43
17.14,11.43
21.43,11.43
24.64,2.17
29.58,3.52
22.62,13.1
3.23,0.0
3.23,0.0
7.03,1.95
7.81,1.56
7.03,1.56
7.81,1.95
7.03,1.95
7.81,1.95
7.03,2.34
7.81,2.73
7.03,2.73
7.81,1.95
30.56,19.44
28.57,21.43
29.03,19.35
26.92,26.92
29.63,22.22
32.14,21.43
33.33,13.89
41.18,17.65
12.5,46.88
12.5,46.88
3.12,50.0
3.0,48.0
17.65,41.18
7.14,9.52
48.48,27.27
0.56,0.0
0.56,0.0
0.56,0.0
9.89,0.0
0.0,0.0
0.0,0.0
0.0,0.0
20.65,0.0
20.65,0.0
20.51,0.0
23.44,9.38
18.75,10.94
21.88,9.38
25.0,10.94
24.71,0.0
21.62,10.81
52.94,14.12
52.94,12.94
3.45,24.14
67.74,3.23
23.73,3.39
20.69,3.45
15.0,0.0
15.0,0.0
15.0,0.0
33.33,18.18
33.33,18.18
33.33,18.18
33.33,18.18
33.33,18.18
28.57,20.0
25.0,17.86
21.43,17.86
32.14,17.86
21.43,17.86
21.43,17.86
18.52,11.11
16.67,8.33
0.0,7.14
0.0,10.0
2.22,5.56
0.0,57.14
12.5,46.88
20.59,38.24
3.12,50.0
40.0,0.0
25.0,0.0
0.0,78.57
6.9,31.03
6.45,11.29
7.14,7.14
37.84,0.0
37.84,0.0
3.39,15.25
3.57,3.57
3.57,50.0
30.0,33.33
0.0,42.86
25.0,9.38
12.5,0.0
6.67,13.33
3.33,23.33
0.0,10.0
0.0,10.0
3.33,16.67
11.0,0.0
12.33,0.0
12.33,0.0
0.0,0.0
0.0,78.57
0.0,78.57
74.29,2.86
74.29,2.86
2.94,2.21
1.54,2.31
4.48,0.75
1.67,3.33
1.59,6.35
3.23,4.03
3.33,2.5
6.98,2.33
0.0,32.14
0.0,35.71
0.0,0.0
8.97,3.85
3.28,2.5
11.0,0.0
12.33,0.0
15.67,0.0
0.0,50.0
0.0,50.0
0.0,66.67
3.33,33.33
6.67,43.33
9.6,0.0
1.41,0.0
1.41,0.0
25.88,12.94
9.17,0.0
1.41,0.0
1.41,0.0
9.6,0.0
9.6,0.0
11.76,2.94
0.0,3.57
2.5,6.25
22.22,0.0
38.89,0.0
36.49,20.27
53.57,28.57
6.67,0.0
6.67,0.0
6.67,0.0
6.67,0.0
6.67,0.0
30.0,0.0
43.33,26.67
30.0,36.67
4.48,5.22
17.81,9.59
27.27,6.82
6.67,0.0
22.22,9.52
13.33,33.33
20.0,30.0
0.0,40.0
17.65,20.59
30.59,30.59
31.43,7.14
14.71,13.97
29.25,0.0
30.19,0.0
8.82,13.97
25.0,10.16
19.15,11.7
3.33,10.0
28.89,22.22
0.0,0.0
0.0,0.0
6.67,16.67
16.67,0.0
12.9,22.58
12.9,22.58
32.35,0.0
3.57,28.57
3.45,31.03
2.35,0.0
1.18,0.0
0.0,0.0
1.18,0.0
2.35,0.0
2.35,0.0
3.53,0.0
4.71,0.0
3.53,0.0
2.35,0.0
2.35,0.0
60.0,0.0
60.0,0.0
3.53,0.0
3.57,53.57
3.33,50.0
3.33,50.0
3.33,50.0
3.33,66.67
3.33,66.67
3.33,73.33
3.33,73.33
3.57,50.0
6.9,34.48
3.57,50.0
3.45,55.17
3.57,75.0
3.57,57.14
3.45,55.17
11.25,0.0
16.39,0.82
8.0,4.0
8.0,4.0
4.0,2.0
1.75,0.88
4.65,1.16
7.8,2.6
1.0,2.5
4.41,0.22
4.11764705882353,2.35294117647059
7.69,5.77
1.43,10.0
0.0,5.0
2.4,6.8
4.29,13.57
26.79,16.07
30.36,14.29
26.09,28.99
45.33,22.67
44.74,21.05
6.0,2.0
2.04,1.43
1.22,4.9
4.49,6.53
45.65,0.0
45.65,0.0
0.0,18.18
2.86,0.61
24.17,29.17
6.12,8.98
0.0,42.86
3.57,32.14
0.82,0.61
26.42,21.7
33.02,19.81
29.25,23.58
1.79,0.89
1.79,0.89
1.79,14.29
1.79,3.57
1.79,0.89
0.0,5.36
3.57,32.14
40.0,20.0
1.22,6.94
35.71,25.0
31.2,9.6
30.63,17.12
0.0,35.71
2.65,0.88
23.33,6.67
61.4,0.0
48.24,23.53
51.06,23.4
0.0,6.67
29.51,8.2
31.15,8.2
37.18,19.23
51.72,20.69
21.05,21.05
24.14,13.79
25.0,16.07
25.0,16.07
2.38,2.38
9.68,9.68
6.45,19.35
12.9,22.58
0.0,39.29
0.0,32.14
6.67,15.0
0.0,10.71
0.0,7.14
18.52,11.11
0.0,24.14
0.0,14.29
25.81,11.29
33.33,23.33
9.68,22.58
3.33,3.33
3.33,3.33
43.75,0.0
9.38,28.12
0.0,35.71
0.0,35.71
0.0,32.14
3.57,32.14
0.0,0.0
23.08,0.0
22.73,2.27
23.81,2.38
0.0,0.0
0.0,0.0
7.69,23.08
7.69,28.21
0.0,14.29
0.0,14.29
0.0,3.51
0.0,34.38
0.0,35.71
0.0,35.71
0.0,24.14
25.0,12.5
0.83,7.5
2.26,13.53
0.39,4.71
2.02,5.65
1.18,6.67
2.26,12.41
0.76,9.16
1.53,9.92
0.76,11.45
3.74,17.65
3.21,13.37
2.17,10.33
6.29,9.43
1.92,9.2
1.93,5.47
2.52,9.52
1.89,9.97
2.26,11.28
1.83,11.36
2.65,10.62
2.74,10.96
3.89,8.83
1.21,12.5
5.05,12.12
0.0,3.45
3.61,10.44
1.88,9.38
3.64,5.45
2.35,4.71
1.43,17.14
2.11,10.53
1.84,8.9
3.53,5.59
3.26,6.52
0.88,14.16
10.53,7.02
1.77,13.27
1.75,20.18
2.14,12.14
2.86,7.86
3.57,10.71
7.06,2.35
7.37,3.16
1.43,20.0
9.09,5.45
0.88,15.93
10.0,7.0
4.29,7.86
5.81,9.68
6.45,9.68
0.0,1.85
0.0,2.78
24.44,15.56
24.44,15.56
26.67,17.78
59.26,17.28
4.0,7.0
1.05,7.37
20.51,16.67
19.17,20.0
23.4,22.34
21.13,19.72
24.78,18.58
22.12,21.24
35.71,25.0
20.48,22.89
17.86,25.0
33.8,21.13
3.33,23.33
3.33,30.0
3.33,23.33
3.33,30.0
6.0,30.0
4.0,24.0
32.47,19.48
37.66,20.78
32.47,19.48
35.06,19.48
35.06,22.08
33.02,19.81
26.42,21.7
33.96,24.53
30.19,20.75
22.0,14.0
0.0,36.36
3.67,0.61
1.22,2.04
0.82,2.45
47.78,16.67
3.57,17.86
3.57,21.43
3.57,21.43
49.55,17.12
48.65,17.12
54.39,21.05
52.63,19.3
52.63,19.3
65.88,17.65
1.22,1.63
47.73,22.73
44.29,25.71
30.65,20.97
39.29,25.0
0.0,8.93
1.75,25.44
3.51,4.39
0.0,84.62
0.0,69.23
0.0,35.71
0.0,25.0
0.0,16.07
0.0,25.0
0.0,1.5
0.0,29.41
5.88,29.41
0.0,39.29
0.0,32.14
23.53,8.82
35.9,20.51
36.49,20.27
11.11,3.33
18.37,20.41
58.7,17.39
58.7,17.39
3.77,14.15
25.3,20.48
24.1,18.07
31.34,17.91
27.36,23.58
32.08,18.87
12.04,13.89
26.09,23.91
3.77,14.15
1.96,11.76
2.78,13.89
3.77,14.15
54.39,19.3
52.63,19.3
58.7,19.57
58.7,17.39
58.7,17.39
54.39,21.05
52.63,19.3
32.12,13.14
31.39,14.6
23.53,16.67
30.36,19.64
52.63,19.3
52.63,19.3
30.19,20.75
15.49,26.76
54.39,19.3
54.39,19.3
52.63,17.54
26.0,26.0
28.0,30.0
26.0,20.0
40.62,17.19
58.7,17.39
39.29,25.0
0.441,6.17
29.17,5.0
9.09,4.55
50.0,35.0
4.49,0.0
4.71,0.0
6.38,0.0
9.29,0.0
3.2,4.4
62.5,17.5
75.0,1.25
65.0,0.0
37.5,0.0
3.33,26.7
3.33,50.0
3.33,50.0
26.67,26.67
0.0,40.0
5.31,1.77
24.75,21.78
32.5,20.0
4.58,3.33
4.58,3.33
25.66,19.47
1.25,0.0
1.25,0.0
4.58,2.08
4.58,2.08
4.58,1.04
4.58,1.04
4.58,1.04
4.58,2.08
4.58,2.08
4.58,1.04
4.58,1.04
4.58,3.33
4.58,3.33
5.0,0.0
4.58,0.0
4.58,0.0
5.08,1.06
5.0,1.04
5.0,1.04
4.66,3.39
4.58,3.33
4.58,2.08
4.58,0.0
11.25,1.25
2.08,1.67
3.33,1.46
12.5,1.04
12.5,3.75
3.54,4.42
4.42,1.77
2.65,0.0
4.42,0.0
3.54,4.42
3.54,3.98
3.54,3.98
3.54,4.42
2.65,0.0
3.54,4.42
3.54,2.21
2.65,0.0
3.54,3.98
3.54,2.21
3.54,2.21
2.65,1.77
1.76,0.88
1.76,0.88
1.76,0.88
1.76,0.88
16.47,1.18
1.76,0.88
1.76,0.88
1.76,0.88
18.82,1.18
19.41,1.18
5.88,0.0
5.88,0.0
5.29,0.0
5.29,0.0
5.88,0.0
5.29,0.0
16.47,1.18
17.06,1.18
16.47,1.18
17.06,1.18
1.76,0.88
1.76,0.88
3.96,0.22
1.76,0.88
5.29,0.0
5.29,0.22
41.67,2.08
19.81,18.87
30.41,5.41
41.84,23.4
29.05,1.69
46.15,17.31
48.24,20.0
12.0,3.0
21.05,16.54
6.67,11.67
3.33,16.67
3.33,16.67
3.33,20.0
3.33,16.67
3.33,16.67
3.33,20.0
6.67,0.0
3.33,16.67
6.67,16.67
3.33,16.67
3.33,16.67
1.76,0.88
1.76,0.88
8.33,0.0
8.33,0.0
9.17,0.0
3.75,0.0
6.25,0.0
10.0,0.0
12.08,0.0
8.33,0.0
12.08,0.0
9.17,0.0
8.33,0.0
8.33,0.0
8.33,0.0
0.0,0.0
7.92,0.0
0.0,0.0
4.84,4.03
4.84,8.06
10.83,0.0
10.83,0.0
14.58,0.0
0.0,0.0
0.0,0.0
0.0,0.0
12.92,0.0
7.92,0.0
7.92,0.0
11.25,0.0
15.0,0.0
12.92,0.0
11.86,0.0
11.25,0.0
0.0,0.0
11.02,0.0
0.0,32.14
0.0,32.14
0.0,17.86
0.0,32.14
0.0,17.86
0.0,28.57
0.0,32.14
0.0,16.67
0.0,28.57
0.0,28.57
0.0,28.57
0.0,28.57
0.0,21.43
0.0,25.0
0.0,28.57
3.33,16.67
0.0,28.57
0.0,28.57
0.0,25.0
0.0,21.43
0.0,21.43
0.0,21.43
2.5,0.0
4.58,3.33
4.58,3.33
4.58,1.04
4.58,2.08
4.58,0.0
4.58,3.33
4.58,3.33
3.33,10.0
6.67,0.0
3.33,10.0
3.33,10.0
6.67,0.0
4.58,3.33
4.58,2.08
4.58,0.0
12.5,1.04
4.58,3.33
4.58,2.08
4.58,1.04
4.58,0.0
12.5,1.04
25.0,10.94
23.44,9.38
4.58,3.33
4.58,2.08
8.33,0.0
0.0,33.33
6.67,30.0
6.67,30.0
0.0,33.33
0.0,33.33
6.67,30.0
3.33,16.67
12.5,1.04
4.58,3.33
4.58,2.08
4.58,1.04
4.58,0.0
12.5,1.04
0.0,25.0
5.26,26.32
8.75,0.0
8.75,0.0
8.75,0.0
0.0,28.57
0.0,28.57
0.0,32.14
0.0,32.14
0.0,32.1
9.17,0.0
9.17,0.0
11.67,0.0
8.33,0.0
8.33,0.0
3.33,10.0
0.0,28.12
0.0,34.38
4.0,0.0
8.0,0.0
8.67,0.0
8.67,0.0
3.33,0.0
3.33,0.0
13.33,0.0
5.33,0.0
11.666666666666698,7.91666666666667
3.33,0.0
3.33,0.0
0.0,25.0
0.0,25.0
21.88,3.91
27.94,5.15
19.4,6.72
23.88,5.97
20.0,7.69
7.14,7.14
7.35,7.35
7.69,4.62
6.67,11.67
0.0,17.9
21.88,2.34
10.0,0.0
10.0,0.0
10.0,0.0
3.33,2.0
4.0,0.33
1.35,0.68
1.69,0.68
1.01,0.68
1.35135135135135,0.675675675675676
2.03,0.68
1.69,0.68
3.33,2.0
12.5,1.25
12.5,1.25
12.5,1.25
12.5,1.25
12.5,1.25
21.54,9.23
14.17,1.04
2.0,2.0
1.18,0.882
2.0,1.5
2.0,1.0
1.0,10.0
20.0,10.0
17.14,12.86
20.0,11.43
24.29,11.43
20.0,10.0
17.14,11.43
21.43,11.43
25.71,11.43
22.86,10.0
21.43,11.43
17.14,14.29
20.0,10.0
25.71,10.0
24.71,0.0
24.71,0.0
24.71,0.0
24.71,0.0
24.29,11.43
20.0,10.0
20.0,8.57
20.0,10.0
24.71,0.0
24.71,0.0
7.81,5.47
27.06,16.47
28.74,12.64
25.88,16.47
23.17,14.63
18.52,18.52
19.35,11.83
25.88,16.47
25.71,12.86
25.71,17.14
20.0,11.43
27.14,6.43
23.53,0.0
27.69,9.23
23.44,9.38
18.75,10.94
23.44,9.38
21.88,9.38
25.0,12.5
26.56,9.38
21.33,4.67
18.75,3.12
18.75,3.12
24.71,0.0
21.18,0.0
31.76,0.0
7.69,4.62
27.14,14.29
20.0,10.0
17.14,11.43
26.36,29.09
25.66,14.47
24.32,5.41
23.44,2.34
28.0,9.0
24.24,15.15
21.28,21.28
20.24,3.57
22.35,0.0
23.26,0.0
2.33,0.0
20.63,9.52
20.63,9.52
22.92,22.92
22.45,24.49
19.05,9.52
21.88,9.38
16.0,10.0
0.0,30.0
0.0,30.0
5.0,35.0
0.0,21.43
3.57,17.86
0.0,28.57
0.0,28.57
3.57,28.57
0.0,17.86
0.0,32.14
0.0,32.14
0.0,32.14
0.0,17.86
0.0,21.43
0.0,8.0
0.0,32.14
0.0,32.14
0.0,32.14
0.0,32.14
0.0,21.43
0.0,28.57
0.0,17.86
0.0,32.14
0.0,32.14
3.57,28.57
3.57,21.43
0.0,15.0
0.0,32.14
3.57,28.57
0.0,33.33
0.0,28.57
0.0,28.57
0.0,33.33
0.0,21.43
0.0,33.33
0.0,33.33
0.0,17.86
0.0,32.14
0.0,28.57
0.0,32.1
0.0,28.57
0.0,32.14
0.0,28.57
0.0,32.14
0.0,28.57
0.0,28.57
0.0,38.1
0.0,19.05
0.0,32.14
0.0,28.57
0.0,32.14
0.0,28.57
0.0,28.57
0.0,21.43
9.52,0.0
4.76,19.05
4.76,23.81
4.76,23.81
5.26,23.68
4.76,23.81
5.26,23.68
0.0,28.57
12.5,0.0
3.33,33.33
6.67,20.0
3.33,33.33
5.08,0.85
6.78,4.24
1.69,4.24
1.69,0.85
3.57,35.71
0.89,2.23
0.0,16.07
0.0,1.79
7.41,16.05
6.17,14.81
2.38,11.9
0.0,2.21
0.0,15.04
0.0,3.1
0.0,2.21
0.0,2.35
0.0,7.14
0.0,9.73
33.96,24.53
0.0,19.87
24.78,21.24
26.55,20.35
0.0,36.36
4.0,44.0
3.03,27.27
3.03,27.27
9.09,27.27
2.14,2.86
0.0,0.0
0.0,0.0
0.0,0.0
0.0,0.0
3.57,50.0
3.57,50.0
3.57,50.0
76.0,0.0
60.71,3.57
3.33,46.67
3.33,50.0
0.0,20.35
0.0,20.35
0.0,5.0
1.43,12.86
4.83,14.48
2.96,5.19
1.43,12.86
4.83,14.48
2.96,5.19
4.83,14.48
0.71,8.57
0.71,8.57
5.45,19.09
2.22,19.26
14.0,14.0
5.52,8.97
4.44,6.67
5.0,10.0
22.81,21.05
22.81,21.05
22.81,21.05
31.3,10.43
55.0,22.5
42.31,17.31
30.0,23.33
7.75,7.75
1.43,12.86
1.43,12.86
28.07,10.53
2.04,7.76
2.86,0.61
0.82,4.08
1.22,8.57
5.31,7.76
0.82,1.63
2.45,4.08
1.63,2.45
2.04,8.16
1.22,2.86
4.9,6.53
2.04,7.76
1.22,8.57
2.86,0.61
5.31,7.76
0.82,0.61
4.0,5.0
3.0,4.0
2.0,6.0
1.0,10.0
4.0,6.0
0.0,1.5
0.0,45.0
4.1,14.75
1.63,6.12
2.45,1.22
31.43,7.14
14.29,42.86
60.0,0.0
22.58,45.16
95.24,0.0
0.0,0.0
16.67,0.0
22.22,0.0
0.0,0.0
3.33,50.0
10.71,3.57
3.57,5.36
3.57,3.57
0.0,0.0
6.45,0.0
3.23,0.0
3.23,0.0
3.23,0.0
6.45,0.0
6.45,0.0
36.11,0.0
3.33,46.67
24.24,18.18
6.67,20.0
26.67,0.0
6.67,0.0
12.5,46.88
12.5,46.88
60.0,0.0
76.0,0.0
67.86,1.79
85.71,0.0
85.71,0.0
85.71,0.0
85.71,0.0
85.71,0.0
0.0,0.0
19.35,38.71
12.9,22.58
16.67,26.67
36.11,0.0
36.11,0.0
71.67,0.0
45.0,0.0
45.0,0.0
20.0,0.0
50.0,0.0
45.0,0.0
40.0,0.0
25.0,0.0
40.0,0.0
40.0,0.0
40.0,0.0
0.0,0.0
0.0,0.0
85.71,0.0
14.29,14.29
6.67,46.67
3.33,50.0
10.71,3.57
10.71,5.36
10.71,5.36
19.4,11.94
69.57,0.0
45.0,0.0
50.0,0.0
6.67,53.33
6.9,41.38
6.67,50.0
9.38,1.56
14.29,14.29
50.0,25.0
50.0,0.0
100.0,0.0
100.0,0.0
75.0,0.0
66.67,0.0
50.0,25.0
0.0,0.0
0.0,0.0
13.33,0.0
6.67,0.0
3.57,46.43
17.65,0.0
9.09,0.0
9.09,0.0
0.0,5.0
0.0,0.0
0.0,0.0
0.0,0.0
21.88,37.5
0.0,0.0
60.53,0.0
25.0,37.5
0.0,0.0
0.0,0.0
0.0,1.85
0.0,1.85
38.24,0.0
23.53,0.0
33.96,18.87
33.96,18.87
12.5,46.88
9.38,50.0
9.38,46.88
3.57,53.57
3.57,57.14
16.67,0.0
33.33,0.0
42.86,0.0
0.0,0.0
23.53,0.0
3.33,33.33
1.54,0.38
1.54,0.38
1.54,0.38
1.54,0.0
1.54,0.77
2.31,0.77
0.0,8.33
11.11,5.56
35.0,0.0
60.0,0.0
0.0,7.14
30.0,5.0
0.0,0.0
0.0,8.33
0.0,0.0
0.0,0.0
0.0,0.0
0.0,0.0
11.11,5.56
22.22,5.56
11.11,5.56
20.0,0.0
25.0,0.0
25.0,0.0
25.0,0.0
16.67,12.5
10.0,30.0
0.0,0.0
13.33,0.0
30.0,0.0
30.0,0.0
45.0,0.0
3.33,43.33
3.33,46.67
3.57,50.0
0.0,48.28
16.67,26.67
0.77,0.0
0.0,0.77
1.54,1.15
0.0,0.0
17.65,0.0
12.5,0.0
6.25,0.0
9.0,0.0
42.11,0.0
42.11,0.0
3.57,53.57
6.98,2.33
5.43,0.78
81.25,0.0
0.0,0.0
47.62,0.0
11.76,0.0
23.53,0.0
6.25,0.0
8.57,45.71
37.5,0.0
25.0,0.0
23.53,0.0
35.29,2.94
29.41,0.0
3.45,48.28
0.0,0.0
0.42,0.0
0.0,0.0
0.0,0.0
0.42,0.0
57.14,9.52
12.5,10.94
3.33,23.33
44.44,0.0
4.0,15.0
14.17,0.0
14.17,0.0
18.18,0.91
18.18,0.91
3.33,33.33
3.33,30.0
0.0,76.92
3.57,0.0
3.57,0.0
3.57,0.0
3.57,0.0
3.57,0.0
0.0,16.67
0.0,16.67
7.14,14.29
2.86,6.43
45.65,0.0
3.57,75.0
34.15,0.0
6.45,0.0
39.02,12.2
3.33,66.67
3.57,75.0
7.14,57.14
3.33,70.0
3.33,70.0
3.33,50.0
3.33,66.67
6.67,13.33
0.0,0.0
15.15,6.06
7.03,1.95
52.94,0.0
12.9,22.58
57.14,9.52
61.9,9.52
46.67,6.67
3.33,46.67
18.84,0.0
9.38,0.0
52.83,8.49
2.5,6.25
2.5,6.25
30.0,0.0
1.98,12.87
28.24,0.0
3.33,30.0
3.33,36.67
3.33,20.0
3.33,23.33
63.16,0.0
18.52,0.0
2.78,7.64
29.09,4.55
20.0,14.55
25.45,16.36
27.27,9.09
43.33,3.33
38.46,3.85
36.67,0.0
0.82,1.63
21.43,57.14
0.82,0.61
0.0,64.29
0.0,71.43
29.03,0.0
2.46,12.3
3.33,10.83
3.03,12.12
8.89,0.0
12.22,0.0
6.25,1.04
16.67,0.0
8.51,5.67
5.95,7.14
0.88,6.19
0.0,0.0
3.2,8.8
4.17,8.33
28.24,0.0
13.49,0.0
7.38,0.0
7.38,0.0
15.93,13.27
10.0,10.0
9.17,0.0
9.17,0.0
9.17,0.0
0.0,10.91
2.35,2.35
1.18,3.53
0.0,20.0
3.33,26.67
10.0,40.0
3.57,35.71
15.0,30.0
0.0,22.22
34.21,21.05
0.0,0.0
2.86,11.43
3.23,8.06
0.0,57.14
3.33,0.0
0.0,40.0
0.0,21.43
0.0,21.43
8.0,0.0
9.02,0.0
9.73,0.0
8.85,0.0
10.62,0.0
28.57,21.43
23.21,23.21
6.43,0.0
9.38,50.0
1.19,8.33
3.12,53.12
6.25,50.0
6.25,50.0
6.25,50.0
7.69,9.62
0.0,1.79
0.0,1.79
1.32,11.84
0.0,7.25
1.18,8.24
0.0,2.35
0.8,5.6
66.67,0.0
53.33,0.0
0.0,32.14
3.57,21.43
0.0,32.14
3.57,32.14
3.57,21.43
4.58,3.33
9.58,1.04
0.0,24.24
0.0,27.27
0.0,26.67
0.0,23.33
0.0,24.24
0.0,26.67
0.0,20.83
0.0,21.43
0.0,28.57
1.81,12.65
63.16,0.0
63.16,0.0
0.0,1.07
21.18,0.0
17.65,0.0
22.35,0.0
2.31,0.0
2.5,0.0
3.57,1.79
2.5,0.0
0.0,42.86
1.94,23.3
5.88,11.76
12.07,6.9
24.32,24.32
5.56,0.0
1.67,0.0
12.67,0.0
0.0,0.0
1.67,0.0
0.0,0.0
1.67,0.0
1.67,0.0
1.67,0.0
1.67,0.0
1.67,0.0
1.67,0.0
1.67,0.0
1.67,0.0
1.67,0.0
1.67,0.0
1.67,0.0
0.8,0.4
100.0,0.0
10.7,0.0
88.3,0.0
1.96,10.78
2.45,9.8
0.77,1.54
4.55,5.45
15.29,0.0
9.29,0.0
39.13,2.17
0.0,13.33
0.0,4.17
39.13,2.17
39.13,2.17
39.13,2.17
5.0,0.0
5.0,0.0
5.0,0.0
4.76,0.0
14.29,0.0
31.25,3.12
23.53,0.0
9.29,0.0
48.65,37.84
51.35,37.84
1.6,0.4
14.29,0.0
0.8,0.8
32.43,40.54
35.14,37.84
32.0,12.0
0.77,0.0
0.0,0.0
17.86,17.86
0.0,21.43
0.0,0.0
15.93,0.0
15.93,0.0
0.0,0.0
0.0,59.4
7.14,35.71
12.92,0.0
3.33,0.0
3.2,0.0
0.77,0.38
3.57,32.14
5.6,1.2
3.2,0.8
5.6,1.2
3.2,0.8
4.8,0.0
5.6,1.2
4.8,0.8
0.0,25.0
1.98,3.47
21.62,4.73
12.0,5.0
21.62,4.73
20.27,5.41
4.8,0.0
7.14,21.43
20.0,20.0
20.0,20.0
42.0,25.0
32.14,25.0
3.28,0.0
20.0,20.0
20.0,20.0
59.5,29.7
1.43,1.43
15.04,0.0
1.43,1.43
7.14,35.7
0.8,0.8
0.8,0.0
0.0,16.67
7.14,35.7
0.0,0.0
0.0,16.67
0.0,16.67
0.0,0.0
3.25,0.0
2.48,0.0
0.0,23.26
0.0,7.35
0.0,1.79
3.92,7.84
0.0,28.57
0.0,0.0
1.6,0.0
1.6,0.0
3.57,28.57
3.57,28.57
3.33,0.0
3.33,0.0
0.0,0.0
0.0,0.0
8.62,6.03
4.8,0.4
4.8,0.4
4.8,0.4
11.25,0.0
10.83,0.0
3.2,0.0
3.2,0.0
8.33,2.31
0.8,0.0
0.83,0.0
0.8,0.0
1.56,1.56
63.16,0.0
3.57,1.79
0.64,0.0
0.61,0.0
0.0,30.0
0.0,12.09
1.14,14.77
0.0,0.42
0.0,0.42
0.0,0.42
0.0,0.42
3.33,0.0
0.0,21.43
23.53,0.0
2.38,30.95
11.88,0.0
11.88,0.0
7.14,1.79
4.88,0.0
2.48,0.0
2.48,0.0
2.48,0.0
4.07,0.0
2.48,0.0
4.88,0.0
2.48,0.0
2.48,0.0
3.28,0.0
7.14,7.14
2.92,0.0
3.33,0.0
9.09,0.0
3.28,0.0
9.09,0.0
3.28,0.0
3.28,0.0
3.33,0.0
3.33,0.0
3.33,0.0
9.86,12.68
7.02,10.53
0.0,0.0
10.0,5.0
0.0,0.38
28.57,21.43
28.57,16.67
5.42,0.0
7.69,2.31
0.0,0.0
1.22,0.82
10.7142857142857,50.0
0.0,0.0
5.0,3.75
0.0,32.14
3.57,9.52
22.22,14.81
33.33,0.0
2.56,10.26
33.33,0.0
76.19,0.0
2.56,8.97
2.5,0.0
0.0,0.0
3.57,5.36
3.57,5.36
0.0,5.29
2.47,0.0
4.49,0.0
14.16,0.0
14.16,0.0
15.93,0.0
2.3,0.0
4.55,0.0
3.45,48.28
3.57,46.43
3.57,50.0
6.25,3.12
6.25,3.12
0.0,17.72
6.67,53.33
26.67,33.33
10.0,43.33
0.0,17.33
7.08,0.0
7.86,0.0
0.0,17.65
8.57,0.0
0.0,17.65
4.42,0.0
0.0,0.0
11.67,0.0
0.0,0.0
3.33,0.0
11.67,0.0
14.17,0.0
10.0,0.0
15.83,0.0
11.67,0.0
100.0,0.0
55.17,8.62
0.0,6.19
0.88,13.27
0.88,13.27
5.0,2.08
14.75,3.28
36.67,0.0
0.0,42.86
0.0,50.0
5.05,0.0
37.93,3.45
32.14,5.36
40.74,3.7
0.0,0.0
42.31,3.85
32.61,8.7
3.7,25.93
11.43,10.0
12.86,10.0
16.67,0.0
2.36,11.81
2.36,9.45
3.2,0.8
3.91,0.78
3.91,0.78
4.76,0.79
0.0,0.0
0.0,0.0
0.0,0.0
2.31,0.0
7.38,0.0
4.96,0.0
3.33,10.0
5.0,2.08
0.0,50.0
0.0,35.71
0.0,0.0
0.0,0.0
0.86,0.0
23.53,0.0
2.25,0.0
5.56,1.11
4.55,0.0
15.22,2.72
13.04,3.26
14.13,2.72
14.06,0.0
14.13,2.17
14.13,2.72
14.06,0.0
10.48,0.0
10.48,0.0
11.9,0.0
16.39,0.0
8.87,0.0
0.0,1.67
0.0,1.67
1.67,4.17
0.0,0.0
7.14,17.86
8.77,12.28
14.67,0.0
3.23,3.23
33.33,0.0
33.33,0.0
0.0,0.0
11.11,1.39
3.45,3.45
4.35,2.17
0.0,0.0
0.0,1.79
0.0,0.0
4.29,1.43
0.0,2.4
0.0,1.2
5.6,0.8
0.8,1.6
3.23,16.13
10.32,0.0
11.9,0.0
13.08,0.0
14.84,0.0
14.62,0.0
14.62,0.0
14.84,0.0
9.6,0.0
14.62,0.0
0.83,0.0
14.62,0.0
3.28,0.0
1.96,9.8
14.84,0.0
8.87,0.0
2.48,0.0
0.0,0.0
0.0,20.0
2.48,0.0
0.0,77.8
6.4,0.4
2.4,0.4
0.0,2.33
3.2,0.8
6.4,0.4
0.0,0.0
1.67,0.0
4.8,0.4
1.6,0.0
1.67,0.0
4.8,0.0
0.0,0.0
9.6,0.0
13.16,0.0
17.95,0.0
12.3,0.0
18.03,0.0
12.3,0.0
18.03,0.0
12.3,0.0
3.57,1.79
3.57,28.57
9.38,50.0
76.19,0.0
7.14,0.0
16.39,0.0
16.39,0.0
0.0,0.0
0.0,0.0
0.0,0.0
13.48,21.99
26.67,0.0
33.33,3.33
0.0,1.79
0.0,5.36
3.33,6.67
0.0,50.0
30.0,33.33
48.48,12.12
3.57,1.79
16.67,46.67
0.0,0.0
6.25,53.12
42.31,3.85
3.08,0.0
32.69,9.62
30.77,9.62
11.67,0.0
11.33,0.0
10.67,0.0
3.33,0.0
11.33,0.0
10.67,0.0
0.0,40.0
2.92,0.0
14.58,0.0
16.67,0.0
23.64,8.18
5.31,2.65
0.0,50.0
25.71,12.86
25.71,11.43
26.0,22.0
1.0,11.0
7.04,16.9
4.65,3.49
4.65,3.49
0.8,4.8
0.0,1.63
0.8,0.8
0.0,1.2
0.8,5.6
9.6,0.0
1.63,0.81
0.8,4.8
0.0,2.0
1.6,2.0
2.63,2.63
8.89,3.33
5.13,2.56
0.0,0.0
44.83,20.69
1.22,1.22
0.41,0.82
1.22,3.27
0.0,2.32
0.41,4.9
15.04,0.0
13.27,0.0
13.27,0.0
0.0,17.86
10.71,17.86
0.83,0.0
0.83,0.0
0.83,0.0
0.83,0.0
0.0,0.0
0.0,0.0
0.0,0.0
14.41,0.0
0.83,0.0
11.86,0.0
3.57,35.71
3.57,39.29
7.14,32.14
3.57,32.14
26.79,15.18
25.0,18.75
1.28,10.26
14.29,46.43
76.19,0.0
8.0,0.0
44.44,0.0
44.44,0.0
1.21,3.23
2.08,3.33
2.01,3.61
3.17,3.17
44.44,0.0
0.94,2.36
0.0,26.79
0.0,1.79
2.0,4.0
4.58,1.04
2.08,2.92
2.08,3.33
0.42,10.17
0.82,4.1
0.0,2.68
57.58,18.18
11.54,11.54
0.0,0.0
1.42,3.77
0.96,4.78
0.94,4.25
6.39,5.94
1.42,3.77
3.33,0.0
0.0,0.0
25.0,0.0
3.33,0.0
3.33,0.0
63.64,18.18
25.0,0.0
0.0,0.0
1.56,10.94
25.0,0.0
24.24,10.1
9.3,16.28
25.0,0.0
10.71,16.07
34.62,23.08
10.71,28.57
11.84,14.47
0.0,0.0
0.42,2.11
0.42,1.69
100.0,0.0
0.0,0.0
15.38,0.0
20.75,0.0
15.38,0.0
25.0,0.0
0.0,36.36
0.0,17.11
0.0,17.33
0.0,0.0
0.0,0.0
0.0,0.0
0.0,0.0
0.0,0.0
0.0,0.0
0.0,0.0
0.0,0.0
0.0,0.0
3.57,53.57
0.0,27.91
0.0,37.21
8.6,10.75
3.57,1.79
30.0,40.0
30.0,40.0
27.5,42.5
45.0,40.0
2.35,5.29
8.62,6.03
20.0,0.0
5.36,2.68
3.33,0.0
47.62,19.05
23.53,0.0
28.57,25.4
14.67,25.33
20.69,3.45
12.1,0.0
0.0,3.33
0.0,0.0
0.0,0.0
2.5,0.0
12.1,0.0
3.33,0.0
3.57,0.0
0.0,0.0
0.0,0.0
9.58,0.0
0.41,0.82
0.41,3.67
1.22,0.41
0.0,7.06
0.41700000000000004,1.25
48.48,13.64
0.0,0.0
3.97,4.76
1.61,9.68
6.9,13.79
24.78,23.89
0.82,0.82
0.41,0.41
13.33,0.0
0.0,6.06
20.0,20.0
15.0,0.0
10.17,1.69
1.41,18.02
5.0,12.0
1.0,8.0
0.0,0.0
3.38,0.0
2.75,0.0
0.0,0.0
0.0,0.0
0.0,0.0
0.0,2.33
0.0,0.0
5.42,1.46
5.42,1.46
0.0,18.75
2.86,0.0
2.31,1.54
11.84,11.84
1.39,15.28
13.75,5.62
1.25,30.0
20.0,30.0
0.0,42.86
22.58,48.39
45.1,16.67
3.33,20.0
3.33,20.0
3.33,10.0
12.14,0.0
0.0,27.27
4.55,22.73
3.57,1.79
0.42,0.0
0.0,0.0
3.57,1.79
1.79,1.79
1.79,1.79
3.03,21.21
0.77,0.0
0.77,0.0
0.77,0.0
0.77,0.0
0.77,0.0
0.0,0.0
23.33,0.0
0.42,0.0
43.33,20.0
1.69,6.36
0.0,16.67
1.27,4.24
2.0,7.0
6.45,22.58
3.57,1.79
3.57,1.79
15.71,0.0
0.0,9.38
35.71,25.0
3.57,1.79
3.57,1.79
8.57,0.0
3.57,1.79
3.57,1.79
3.57,1.79
15.71,0.0
15.71,0.0
8.57,0.0
14.52,0.0
15.71,0.0
3.57,1.79
10.0,0.0
3.57,1.79
3.57,1.79
3.57,1.79
3.57,1.79
3.57,1.79
1.61,9.68
3.23,11.29
16.67,20.0
6.67,20.0
0.0,78.57
0.0,78.57
0.0,93.33
12.12,0.0
3.57,5.36
5.6,2.8
10.0,4.29
10.0,2.86
5.31,12.39
10.0,3.57
8.57,2.86
6.06,11.11
28.57,23.81
0.0,50.0
39.39,6.06
41.18,0.0
15.0,0.01
43.33,0.0
18.75,4.69
25.0,3.12
0.0,35.71
0.0,0.0
3.57,32.14
2.41,0.0
3.57,0.0
2.38,14.29
2.5,12.5
1.79,3.57
17.0,0.0
3.57,1.79
3.57,1.79
3.57,1.79
3.57,1.79
3.57,1.79
11.67,0.0
0.0,0.0
10.0,0.0
10.42,0.0
0.0,78.57
9.17,0.0
38.71,3.23
0.0,0.0
37.14,25.71
0.0,9.38
2.94,8.82
2.33,2.33
32.14,5.36
2.33,2.33
100.0,0.0
2.5,6.25
31.43,5.71
0.0,7.14
28.57,4.29
32.56,4.65
5.0,3.75
20.0,1.82
0.0,2.0
28.81,1.69
2.07,4.83
1.38,4.83
10.0,11.67
2.94,8.82
1.33,0.0
0.0,0.0
17.24,3.45
0.0,0.0
3.33,0.0
63.64,18.18
66.67,18.18
37.84,37.84
45.95,37.84
37.84,40.54
3.57,53.57
76.19,0.0
0.0,0.0
0.0,22.5
0.0,21.21
0.0,0.0
0.0,0.0
1.25,0.0
2.4,4.4
26.67,0.0
26.67,0.0
20.0,0.0
0.0,0.0
26.67,0.0
20.0,0.0
38.1,3.57
0.0,0.0
26.67,0.0
100.0,0.0
26.67,0.0
2.41,0.0
34.62,9.62
7.38,0.0
16.67,0.0
2.41,0.0
2.35,4.12
7.08,0.0
2.35,0.0
15.93,0.0
88.33,0.0
7.03,1.95
7.81,1.56
1.67,0.0
8.75,1.04
8.75,1.04
8.75,1.04
5.6,1.2
4.8,0.4
7.03,1.95
4.52,0.0
7.81,1.95
7.03,2.34
7.81,2.73
43.59,7.69
14.84,0.0
43.59,7.69
33.33,10.26
14.06,0.0
6.67,8.33
7.03,2.73
27.5,0.0
4.17,1.25
7.81,1.95
7.81,1.95
24.32,13.51
2.35,0.0
2.41,0.0
3.57,1.79
23.53,0.0
2.86,0.0
5.71,0.0
2.86,0.0
2.86,0.0
2.22,1.11
0.0,16.67
0.0,13.33
0.0,13.33
8.57,0.0
2.86,0.0
2.86,0.0
0.0,0.0
8.57,0.0
5.71,0.0
2.86,0.0
2.86,0.0
2.86,0.0
5.71,85.7
2.86,0.0
2.86,0.0
10.0,11.43
2.86,1.43
11.43,5.71
2.86,0.0
2.86,0.0
2.86,0.0
2.86,2.86
0.0,8.93
0.0,3.33
0.0,40.91
0.0,3.33
0.0,0.0
0.0,0.0
29.09,14.55
2.22,0.0
2.22,0.0
0.0,0.0
4.76,4.76
0.0,0.0
0.0,0.0
0.0,0.0
3.33,0.0
13.33,24.0
0.0,1.11
2.86,2.86
20.0,0.0
20.0,0.0
33.33,0.0
6.12,1.02
28.17,2.11
2.38,14.29
16.07,4.46
76.19,0.0
32.14,5.36
15.38,0.0
25.0,0.0
4.29,5.71
3.45,0.0
0.0,0.0
0.0,0.0
1.43,8.57
10.34,0.0
7.81,0.0
3.57,6.43
20.0,13.33
1.67,15.0
30.0,13.33
40.74,18.52
37.04,18.52
0.0,0.0
2.4,5.6
8.0,1.0
6.0,3.5
2.0,1.0
36.54,21.15
14.58,0.0
20.69,8.62
20.69,10.34
14.17,0.0
15.83,0.0
3.33,10.0
0.0,8.33
0.0,30.56
7.14,10.71
14.06,6.25
18.75,1.56
50.0,0.0
4.8,8.8
4.8,11.2
4.8,7.2
4.8,3.6
4.8,7.2
20.0,10.0
17.14,7.14
33.33,10.0
33.33,10.0
10.71,28.57
7.14,32.14
9.09,31.82
13.64,22.73
10.71,25.0
0.0,0.0
51.52,6.06
2.72,8.84
2.04,10.2
2.04,8.84
2.04,10.2
0.0,0.0
0.0,0.0
7.14,28.57
2.19,10.95
2.29,10.69
2.24,16.42
20.0,26.67
6.67,26.67
5.0,25.0
15.0,25.0
25.0,0.0
25.0,0.0
25.0,0.0
25.0,0.0
25.0,0.0
4.84,4.03
1.19,11.9
0.0,15.48
0.77,1.92
0.77,1.54
0.77,1.15
0.77,1.92
23.73,0.0
23.73,3.39
22.03,3.39
20.69,3.45
8.33,0.0
17.65,0.0
1.1,13.19
4.4,7.69
3.75,12.5
0.0,15.19
0.88,6.19
3.57,32.14
1.63,0.61
46.67,16.67
3.08,5.38
1.54,18.46
4.0,0.0
46.67,16.67
0.0,0.0
20.0,0.0
14.29,0.0
13.49,0.0
20.0,0.0
20.0,0.0
20.0,0.0
20.0,0.0
14.29,0.0
1.64,0.0
3.28,0.0
3.33,5.0
9.17,2.08
6.67,53.33
6.67,46.67
28.57,0.0
0.0,0.0
0.0,16.67
4.0,13.33
0.0,10.0
1.67,16.67
29.46,16.96
26.79,17.86
32.14,18.75
30.59,20.0
83.33,0.0
35.29,0.0
0.42,1.25
33.33,0.0
8.33,0.0
8.33,0.0
0.0,1.67
0.0,1.67
0.0,2.5
0.0,26.67
0.0,15.0
0.0,26.67
7.46,3.73
0.0,0.0
0.0,0.0
20.0,0.0
20.0,0.0
23.53,2.94
27.78,2.78
27.78,8.33
6.67,0.0
36.84,18.42
0.0,42.86
0.0,42.86
0.0,42.86
0.0,42.86
40.0,10.0
0.0,17.24
22.58,12.9
24.53,22.64
28.3,24.53
28.3,20.75
52.17,4.35
35.29,0.0
6.67,33.33
6.67,33.33
0.0,40.0
39.47,21.05
36.84,21.05
0.0,35.71
6.67,30.0
3.57,3.57
3.57,3.57
3.57,3.57
3.57,3.57
10.71,21.43
40.0,0.0
46.67,0.0
5.56,4.17
5.56,4.17
5.56,4.17
5.56,4.17
29.17,10.42
29.17,10.42
29.17,10.42
0.77,0.0
31.43,14.29
30.95,14.29
17.5,11.25
20.0,10.0
17.5,25.0
29.73,8.11
29.73,8.11
29.73,8.11
29.73,8.11
29.17,10.42
31.43,22.86
28.57,22.86
31.43,17.14
17.65,0.0
17.86,3.57
17.86,3.57
14.29,3.57
9.3,5.81
9.3,4.65
6.98,3.49
0.0,4.69
0.0,4.69
8.27,14.29
2.25,0.0
6.25,12.5
2.35,0.0
0.77,0.77
0.0,57.14
0.0,78.57
0.0,50.0
0.0,35.71
0.0,50.0
0.0,35.71
5.73,0.96
5.71,0.71
15.07,8.22
16.44,8.22
14.29,3.57
21.15,15.38
2.02,10.1
17.86,3.57
33.82,7.35
30.88,8.82
30.88,10.29
30.88,10.29
100.0,0.0
33.33,13.33
35.56,13.33
37.78,13.33
32.63,30.53
2.67,2.22
1.63,2.86
3.97,1.39
94.12,0.0
94.12,0.0
73.33,0.0
14.29,14.29
8.57,2.86
63.16,0.0
63.16,0.0
0.0,8.77
3.51,8.77
0.0,2.03
8.13,1.22
21.43,60.71
40.0,24.0
3.57,46.43
0.0,1.79
36.0,20.0
3.61,0.0
36.0,16.0
36.0,12.0
20.0,0.0
0.0,50.0
37.93,27.59
44.74,26.32
60.0,30.0
60.0,30.0
60.0,30.0
0.42,11.02
3.57,1.79
3.57,2.68
3.57,2.68
3.57,2.68
3.57,2.68
3.33,1.67
1.56,12.5
23.64,3.64
3.51,4.39
0.0,3.51
0.0,0.88
10.53,5.26
0.0,0.0
3.41,11.36
3.57,1.79
3.57,1.79
1.0,1.0
3.57,1.79
3.57,1.79
1.67,1.67
1.67,1.67
3.57,14.29
10.71,14.29
6.67,66.67
6.67,16.67
3.57,21.43
5.53,1.84
28.57,0.0
7.69,0.0
45.71,0.0
3.33,3.33
9.58,0.0
0.0,0.38
1.54,0.38
0.0,0.89
5.56,22.22
4.76,23.81
10.0,0.0
0.0,0.0
1.75,14.0
0.0,0.0
73.33,23.33
53.33,26.67
10.26,4.27
11.11,16.67
11.11,11.11
0.42,0.0
0.0,0.0
40.0,10.0
40.0,10.0
40.0,10.0
40.0,10.0
13.33,6.67
50.0,35.0
0.0,6.67
40.0,0.0
0.0,6.67
6.67,0.0
22.22,22.22
33.33,10.0
33.33,10.0
29.33,17.33
22.67,20.0
13.57,1.43
5.71,12.86
10.62,0.0
36.84,21.05
8.57,12.86
2.86,4.29
4.29,0.71
6.19,0.88
7.08,1.33
0.75,5.26
0.0,3.53
0.0,9.3
0.0,9.3
0.0,11.11
2.02,0.51
1.01,0.0
3.03,0.0
21.43,14.29
4.19,12.57
4.43,10.76
100.0,0.0
100.0,0.0
32.69,9.62
2.46,0.0
3.28,0.0
1.67,1.67
1.67,1.67
28.57,22.86
0.42,0.42
0.0,0.0
0.42,0.0
0.0,0.0
0.0,0.0
0.8333333,0.0
33.8,0.0
0.0,93.33
0.0,9.09
16.67,0.0
37.74,1.89
12.22,0.0
33.8,0.0
33.8,0.0
33.8,0.0
1.27,5.08
39.13,0.0
3.57,35.71
58.33,20.83
49.09,0.0
58.33,16.67
58.33,20.83
50.91,0.0
0.0,50.0
51.11,0.0
5.0,0.83
8.33,0.83
8.33,0.83
46.67,20.0
50.68,0.0
0.0,32.14
47.95,0.0
40.85,0.0
0.0,28.57
45.07,0.0
0.0,32.14
25.0,0.0
6.43,0.0
6.43,0.0
9.29,0.0
6.43,0.0
5.71,0.0
7.14,0.0
13.85,0.0
5.71,0.0
25.0,0.0
8.62,1.72
59.46,29.73
3.57,5.36
28.12,0.0
7.41,0.0
8.57,8.57
2.86,10.0
2.86,8.57
0.0,93.3
14.16,4.87
14.16,4.87
17.26,6.64
14.6,4.42
14.6,4.42
3.57,28.57
0.0,28.57
3.57,28.57
3.57,28.57
0.0,14.29
0.0,14.29
6.12,2.04
4.0,2.0
6.52,2.17
3.54,4.42
3.54,2.21
3.33,16.67
0.0,26.92
6.38,1.6
9.57,2.13
6.38,2.13
6.98,1.16
11.63,2.33
7.06,3.53
11.63,2.33
11.63,2.33
11.63,2.33
0.42,1.27
0.42,1.27
8.89,7.78
6.98,6.98
6.98,4.65
6.98,3.49
3.57,1.79
15.62,0.78
0.0,0.0
4.24,10.17
4.24,6.78
6.78,13.56
5.0,5.0
5.83,17.5
4.94,1.23
20.0,12.0
4.76,7.14
3.57,35.71
14.06,5.47
14.06,5.47
6.45,22.58
6.45,22.58
24.19,12.9
28.95,28.95
16.67,16.67
20.0,16.67
11.3,0.0
11.58,0.0
12.43,0.0
0.0,17.86
0.0,18.75
0.0,18.75
10.0,6.67
10.0,6.67
0.0,20.0
56.41,7.69
10.0,0.0
60.98,0.0
0.0,0.0
0.0,32.14
0.0,0.0
0.0,25.0
0.0,25.0
0.0,0.0
0.0,0.0
0.0,0.0
0.0,0.0
0.0,0.0
0.0,0.0
0.0,0.0
0.0,0.0
0.0,0.0
52.17,0.0
5.83,2.08
52.17,0.0
52.17,0.0
52.17,0.0
11.3,0.0
12.99,0.0
11.58,0.0
0.0,30.0
40.74,22.22
1.18,8.24
4.58,1.04
39.29,28.57
3.33,0.0
48.28,17.24
66.67,0.0
24.0,16.0
26.0,16.0
9.41,7.06
6.67,20.0
2.17,19.57
3.57,75.0
6.67,33.33
0.0,21.43
14.29,42.86
0.0,25.0
3.57,50.0
0.0,32.14
0.0,32.14
0.0,28.57
32.43,6.76
16.67,30.95
16.67,28.57
11.02,0.0
13.56,0.0
11.02,0.0
32.14,21.43
32.14,28.57
29.03,9.68
0.0,64.29
8.8,0.0
34.29,0.0
0.0,4.46
64.71,0.0
16.9,0.0
16.9,0.0
0.0,0.0
46.67,16.67
25.0,11.36
7.14,21.43
7.02,14.04
7.02,14.04
8.77,12.28
7.14,16.07
0.0,0.89
11.02,0.0
21.43,3.57
1.18,7.06
6.67,33.33
12.71,0.0
23.53,0.0
4.84,9.68
0.0,42.86
0.0,9.09
11.86,0.0
9.23,13.85
0.77,0.38
0.0,17.86
18.75,6.25
18.75,3.12
3.33,0.0
3.33,0.0
6.67,3.33
2.0,16.0
3.08,20.0
1.8,7.21
9.86,11.97
9.32,3.39
3.57,5.36
3.57,2.68
40.0,0.0
1.54,0.0
0.0,36.67
9.29,0.0
30.0,0.0
30.0,0.0
41.86,11.63
2.3,0.0
2.35,0.0
4.71,0.0
2.33,0.0
2.38,0.0
2.47,0.0
0.0,0.0
2.41,0.0
3.41,0.0
4.55,0.0
4.49,0.0
0.0,0.62
1.23,0.0
4.65,0.0
2.35,0.0
4.55,0.57
3.41,0.0
1.15,0.57
2.35,0.0
3.45,0.0
2.25,0.0
2.5,0.0
3.75,0.0
1.23,0.0
2.35,0.0
3.57,0.0
0.0,0.83
57.32,14.63
0.0,1.79
12.0,1.0
63.16,0.0
0.0,0.0
0.0,0.0
0.0,78.57
0.83,0.0
4.13,0.0
3.33,0.0
23.33,0.0
0.0,21.43
1.25,7.5
0.0,0.0
100.0,0.0
0.0,0.0
0.0,0.0
0.0,0.0
0.0,0.0
1.96,2.61
0.65,1.96
0.0,5.23
0.65,1.96
0.0,0.0
0.0,0.0
3.08,10.77
0.0,10.0
0.0,12.5
0.0,33.96
0.0,0.91
5.26,7.89
42.35,1.76
42.35,1.76
47.83,26.09
13.33,0.0
0.0,32.14
4.62,13.85
3.77,11.95
5.56,0.0
5.56,0.0
3.7,0.0
0.0,0.0
1.88,3.29
1.67,0.0
1.67,0.0
1.67,0.0
1.18,24.71
1.18,24.71
22.73,13.64
22.73,7.95
37.93,20.69
1.38,5.52
3.57,1.79
21.2,12.1
7.14,35.7
0.0,21.43
0.0,21.43
50.0,20.0
40.0,20.0
0.0,0.0
2.35,0.0
3.57,42.86
1.79,2.68
2.35,0.0
2.35,0.0
2.35,0.0
2.35,0.0
3.53,0.0
2.35,0.0
2.35,0.0
2.35,0.0
2.35,0.0
2.35,0.0
2.35,0.0
0.0,0.0
0.0,0.0
0.0,0.0
0.0,0.0
1.18,0.0
10.42,0.0
3.57,46.43
0.0,0.0
1.18,0.0
0.0,0.0
0.0,0.0
0.0,0.0
2.35,0.59
0.0,0.0
3.57,46.43
15.0,0.0
3.33,0.0
35.0,40.0
30.0,26.67
6.67,43.33
10.71,35.71
21.43,3.57
17.86,3.57
17.86,3.57
0.0,5.06
3.33,0.0
3.33,0.0
3.33,0.0
0.42,0.0
60.71,0.0
60.0,0.0
60.0,0.0
0.0,3.33
0.0,3.33
0.0,3.33
37.5,0.0
37.5,0.0
60.0,0.0
0.0,0.0
3.14,6.81
3.07,7.36
6.13,11.04
1.18,0.0
1.18,0.0
9.09,0.0
5.65,0.0
2.35,0.59
1.18,0.0
1.18,7.65
0.0,0.59
1.18,0.0
1.76,9.41
1.13,12.99
29.09,11.82
16.15,1.54
14.62,1.54
16.92,1.54
31.58,13.16
0.0,0.29
0.0,1.33
1.79,10.71
0.0,12.28
1.75,12.28
0.0,10.53
0.0,4.42
0.0,1.77
0.0,1.79
2.35,12.94
8.85,14.16
2.35,12.94
4.71,1.18
2.7,12.84
0.0,10.53
0.0,16.96
1.28,10.26
1.79,17.86
0.0,7.02
4.71,1.18
0.0,3.51
0.0,5.36
2.63,3.95
3.57,8.93
1.79,8.93
1.79,8.93
4.44,28.89
5.26,28.95
5.26,28.95
0.0,28.57
4.76,28.57
2.63,3.95
1.79,8.93
0.0,46.67
1.79,8.93
0.0,10.53
0.0,29.03
0.0,28.57
2.63,21.05
2.63,23.68
5.26,28.95
4.44,28.89
4.94,18.52
7.14,26.79
7.02,28.07
2.33,25.58
0.0,40.0
0.0,32.35
0.0,50.0
0.0,50.0
0.0,3.53
1.18,17.65
2.14,3.57
0.71,7.14
0.0,9.82
0.0,25.0
0.0,0.89
0.0,7.14
0.0,15.18
0.0,15.18
0.0,50.0
0.0,7.14
0.0,7.14
5.56,0.0
5.88,0.0
3.53,2.94
1.79,3.57
0.0,12.73
4.62,23.08
1.54,24.62
3.57,26.79
1.18,28.24
0.0,28.24
1.18,29.41
1.75,2.63
0.0,12.31
0.0,23.84
0.0,41.18
0.0,41.18
1.75,2.63
0.0,17.86
0.0,40.0
0.0,41.67
0.0,36.36
3.57,28.57
2.56,23.08
2.56,23.08
2.56,23.08
2.56,23.08
1.79,23.21
0.0,27.68
2.56,23.08
3.64,23.64
1.82,23.64
0.0,26.32
0.0,26.32
3.57,32.14
1.79,2.68
13.39,2.68
3.57,3.57
3.57,3.57
3.57,3.57
3.57,5.36
3.57,5.36
2.63,23.68
5.26,21.05
5.26,21.05
5.26,28.95
5.26,28.95
4.65,30.23
5.26,28.95
4.65,30.23
5.36,26.79
3.57,1.79
3.57,1.79
0.0,20.35
0.0,19.64
0.0,8.85
1.79,2.68
1.79,0.89
3.03,24.24
2.22,10.0
1.47,10.29
0.0,37.78
0.0,36.76
0.0,32.14
1.79,2.68
3.57,1.79
1.79,1.79
1.79,2.68
0.0,25.0
0.0,27.68
0.0,20.54
0.0,20.54
0.0,9.82
0.0,19.87
0.0,15.18
0.0,15.18
0.0,2.32
1.75,15.8
1.79,8.04
1.18,24.71
0.0,3.57
0.0,32.14
0.0,32.14
2.86,6.43
16.0,10.0
14.0,12.0
7.14,14.29
7.14,10.71
0.0,24.0
0.0,43.33
0.0,15.0
0.0,39.29
0.0,42.86
0.0,43.33
0.0,9.82
5.26,26.32
3.33,33.33
0.77,0.0
0.77,0.0
0.77,0.0
0.77,0.0
25.0,33.33
0.0,70.0
0.0,0.0
0.0,16.67
3.33,0.0
25.0,0.0
11.86,4.24
11.86,4.24
15.0,5.0
80.95,0.0
3.7,9.26
3.7,7.41
3.7,5.56
3.7,7.41
7.41,5.56
3.45,0.0
3.33,0.0
3.33,0.0
3.85,0.0
4.0,0.0
4.76,0.0
4.76,0.0
1.0,1.5
0.0,0.0
41.67,2.08
0.0,16.0
21.43,3.57
17.86,3.57
17.86,3.57
16.41,0.0
10.0,20.0
10.0,20.0
26.0,4.0
27.0,9.0
30.0,8.0
28.0,10.0
26.0,10.0
18.57,10.0
17.14,10.0
25.71,7.14
20.0,11.43
21.43,8.57
17.14,11.43
19.0,10.0
22.0,9.0
18.0,7.0
23.0,10.0
23.0,12.0
25.0,13.0
21.0,12.0
23.0,10.0
24.71,0.0
23.53,0.0
0.0,0.89
8.85,0.0
15.71,0.0
15.71,0.0
15.71,0.0
15.71,0.0
15.71,0.0
8.57,0.0
15.71,0.0
30.0,0.0
30.0,0.0
14.06,0.0
14.06,0.0
13.57,0.0
13.57,0.0
14.62,0.0
10.0,0.0
10.0,0.0
10.0,0.0
14.84,0.0
14.84,0.0
14.84,0.0
24.69,0.0
20.0,0.0
16.05,0.0
22.35,0.0
22.35,0.0
17.65,0.0
11.67,0.0
11.67,0.0
15.42,0.0
15.42,0.0
11.25,0.0
10.83,0.0
10.83,0.0
10.83,0.0
10.83,0.0
10.83,0.0
11.67,0.0
7.08,0.0
12.5,0.0
15.83,0.0
15.83,0.0
0.0,0.0
11.25,0.0
7.08,0.0
2.92,0.0
2.08,0.0
2.92,0.0
2.92,0.0
3.33,0.0
2.5,0.0
2.08,0.0
3.57,17.86
3.57,17.86
26.67,0.0
6.25,15.62
6.9,12.07
10.0,11.67
16.67,11.67
0.0,50.0
2.5,0.0
1.67,0.0
1.67,0.0
1.67,0.0
1.67,0.0
1.67,0.0
1.67,0.0
6.12,1.02
6.12,1.02
1.67,0.0
1.54,0.38
2.31,0.38
0.77,0.38
0.0,2.22
0.8,0.4
0.77,0.77
0.77,0.38
0.77,0.38
0.77,0.38
0.77,0.38
5.0,0.0
5.0,0.0
5.0,0.0
14.29,0.0
13.33,0.0
3.33,0.0
7.2,0.8
7.2,0.8
5.6,1.2
5.6,1.2
2.4,0.0
0.0,0.0
2.31,0.0
4.8,0.4
4.8,0.4
4.8,0.4
4.8,0.4
4.8,0.4
4.8,0.4
4.8,0.4
0.0,0.0
0.0,0.0
0.0,0.0
0.0,0.0
2.7,0.0
0.0,0.0
2.7,0.0
0.0,0.0
2.78,0.0
2.78,0.0
0.0,0.0
2.22,0.0
0.0,0.0
0.0,0.0
2.22,4.44
2.63,0.0
2.63,0.0
2.63,0.0
2.78,0.0
0.0,1.56
2.78,0.0
2.63,0.0
4.44,0.0
2.54,1.69
3.38,1.48
18.75,43.75
0.0,25.0
0.0,0.0
0.0,28.57
1.18,20.0
0.0,0.0
1.18,20.0
45.0,0.0
40.0,0.0
0.0,25.0
5.88,2.21
2.86,2.86
3.51,0.0
1.67,4.17
3.17,7.94
1.67,3.33
0.0,2.22
5.0,4.17
1.79,2.68
10.0,16.67
8.64,1.23
2.47,1.23
3.7,1.23
0.0,35.71
3.57,35.71
8.75,0.0
57.14,7.14
0.0,23.33
1.75,31.58
15.25,7.63
1.79,0.89
0.0,0.89
1.61,0.0
55.88,5.88
57.58,6.06
51.43,14.29
33.33,21.43
0.65,0.0
0.61,0.0
11.88,0.0
11.88,0.0
11.88,0.0
3.33,0.0
3.33,0.0
3.33,0.0
0.0,0.0
0.0,0.0
2.48,0.0
2.48,0.0
2.48,0.0
2.48,0.0
2.48,0.0
5.69,0.0
2.48,0.0
3.28,0.0
2.48,0.0
2.48,0.0
4.96,0.0
2.48,0.0
9.09,0.0
7.14,25.0
0.0,85.71
13.33,30.0
0.0,85.71
0.0,25.0
9.09,0.0
3.28,0.0
3.28,0.0
0.0,0.89
0.0,0.89
0.0,0.0
0.0,0.0
0.0,0.89
0.0,0.89
0.0,0.89
0.0,0.0
0.0,1.79
0.0,7.94
0.0,11.11
2.11,14.79
28.57,0.0
3.57,0.0
25.0,0.0
0.0,0.0
0.0,0.0
0.0,0.0
0.0,0.0
0.0,0.0
0.0,0.0
0.0,0.0
0.0,0.0
17.86,0.0
25.0,0.0
0.0,0.0
28.57,0.0
28.57,0.0
20.0,0.0
20.0,0.0
20.0,0.0
76.19,0.0
76.19,0.0
76.19,0.0
76.19,0.0
76.19,0.0
76.19,0.0
50.0,0.0
50.0,0.0
50.0,0.0
50.0,0.0
50.0,0.0
63.16,0.0
63.16,0.0
63.16,0.0
63.16,0.0
63.16,0.0
63.16,0.0
61.29,29.03
9.38,46.88
9.38,46.88
9.38,46.88
9.38,46.88
9.38,46.88
9.38,46.88
9.38,46.88
3.12,53.12
6.67,60.0
6.67,60.0
0.0,53.33
10.0,46.67
23.33,0.0
3.33,50.0
13.33,40.0
36.67,40.0
3.33,46.67
30.0,3.33
6.67,8.33
6.67,23.33
20.0,36.67
3.33,46.67
3.33,33.33
23.33,30.0
0.0,0.0
40.0,0.0
0.0,0.0
23.33,5.0
20.0,0.0
3.33,46.67
0.0,0.98
0.0,27.27
0.0,0.0
2.86,0.0
0.0,0.0
0.0,0.0
0.0,0.0
3.33,0.0
3.33,0.0
3.33,0.0
3.33,0.0
0.0,0.0
0.0,0.0
3.33,11.67
0.0,27.27
0.0,1.67
0.0,1.67
5.6,2.0
4.8,2.4
5.6,2.0
7.03,1.95
7.03,1.95
7.94,1.19
7.87,1.18
7.87,2.36
7.03,1.17
0.0,37.7
4.07,0.81
1.61,11.29
3.23,9.68
34.38,0.0
34.38,0.0
34.38,0.0
34.38,0.0
34.38,0.0
40.54,0.0
40.54,0.0
6.67,0.0
0.0,0.0
0.0,0.0
23.53,0.0
23.53,0.0
23.53,0.0
23.53,0.0
23.53,0.0
23.53,0.0
23.53,0.0
23.53,0.0
17.65,0.0
21.88,0.78
0.0,0.0
0.0,0.0
0.0,0.0
0.0,0.0
0.0,0.0
0.0,0.0
20.0,0.0
3.23,0.0
3.23,0.0
3.23,0.0
3.12,0.0
0.0,0.0
0.0,0.0
0.0,0.0
0.0,0.0
0.0,0.0
0.0,0.0
3.33,0.0
6.67,0.0
16.67,0.0
26.67,0.0
0.0,0.0
0.42,0.0
0.42,0.0
0.82,1.22
0.82,1.22
4.49,1.43
0.82,0.82
0.41,0.61
1.63,0.61
0.41,1.63
0.82,1.02
1.63,1.43
0.8,4.8
2.86,0.0
0.0,1.6
0.0,1.2
0.8,4.8
0.8,4.8
0.42,0.0
0.8,2.0
1.6,2.0
0.79,1.59
0.8,4.0
0.0,2.0
7.41,0.0
12.12,0.0
36.67,5.0
32.14,5.36
20.37,4.63
21.82,5.45
33.33,5.56
20.69,5.17
32.14,5.36
0.0,0.0
0.0,9.38
7.81,0.0
0.0,1.79
0.0,1.79
0.0,1.79
10.71,5.36
10.71,3.57
6.67,3.33
2.94,2.94
6.45,4.84
5.88,5.88
3.57,3.57
0.0,5.36
0.0,3.57
90.48,0.0
90.48,0.0
90.48,0.0
90.48,0.0
90.48,0.0
90.48,0.0
90.48,0.0
90.48,0.0
90.48,0.0
71.43,0.0
79.17,0.0
79.17,0.0
0.0,0.0
71.43,0.0
79.17,0.0
15.22,3.26
15.22,3.26
14.13,2.72
15.22,2.72
14.13,2.72
3.57,3.57
3.57,3.57
3.57,3.57
0.0,3.57
4.08,10.2
3.54,11.5
3.23,1.61
9.68,3.23
2.94,1.47
8.57,1.43
3.72,0.41
4.55,0.83
2.75,3.92
2.08,3.33
2.01,3.61
2.08,2.92
3.17,3.17
3.46,1.92
2.08,3.33
2.08,2.92
6.67,0.0
13.33,0.0
8.46,0.77
3.85,0.38
1.21,3.64
1.27,6.78
0.0,28.57
8.46,0.77
9.23,0.77
10.0,6.67
10.0,6.67
56.41,7.69
52.17,0.0
52.17,0.0
0.0,50.0
54.55,22.73
54.55,22.73
54.55,27.27
0.0,25.0
0.0,25.0
0.0,25.0
0.0,0.0
0.0,25.0
0.0,25.0
23.33,15.0
23.33,15.0
23.33,15.0
23.33,15.0
23.33,13.33
77.14,4.29
77.14,4.29
46.67,0.0
78.57,3.57
78.57,3.57
40.0,13.33
40.0,13.33
33.33,30.0
33.33,30.0
5.08,2.12
5.08,0.0
5.08,1.06
5.08,3.39
12.0,5.0
5.08,0.0
5.08,1.06
5.08,3.39
0.0,0.0
0.0,0.0
0.0,0.0
0.0,0.0
0.0,0.0
0.0,0.0
0.0,0.0
0.0,0.0
0.0,0.0
0.0,0.0
0.0,0.0
0.0,0.0
0.0,0.0
0.0,0.0
0.0,0.0
0.0,0.0
0.0,0.0
0.0,0.0
0.0,0.0
0.0,0.0
0.0,0.0
0.0,0.0
0.0,0.0
94.12,0.0
0.0,0.0
0.0,0.0
13.8,0.0
13.8,0.0
12.68,0.0
12.39,0.0
13.8,0.0
13.24,0.0
0.0,0.0
14.08,0.0
0.0,0.0
0.0,0.0
0.0,0.0
0.0,0.0
11.27,0.0
10.42,0.0
0.0,0.0
10.99,0.0
12.68,0.0
10.42,0.0
13.8,0.0
14.08,0.0
13.8,0.0
13.8,0.0
9.3,0.0
12.68,0.0
0.0,0.0
9.01,0.0
0.0,0.0
0.0,0.0
0.0,0.0
0.0,0.0
0.0,0.0
0.0,0.0
0.0,0.0
0.0,0.0
0.0,0.0
0.0,0.0
0.0,0.0
0.0,0.0
0.0,0.0
0.0,0.0
0.0,0.0
0.0,0.0
3.57,1.79
3.57,1.79
3.57,1.79
3.57,1.79
3.57,1.79
3.57,1.79
3.57,1.79
3.57,1.79
3.57,1.79
3.57,1.79
3.57,1.79
3.57,1.79
3.57,1.79
3.57,1.79
3.57,1.79
3.57,1.79
3.51,3.51
3.51,3.51
3.57,1.79
0.0,5.26
0.0,4.55
0.0,2.63
0.0,30.3
0.0,15.15
0.0,30.3
0.0,15.15
4.35,2.17
4.35,0.0
3.57,16.07
0.0,5.36
3.57,7.14
3.57,12.5
0.0,0.0
0.0,0.0
0.0,0.0
0.0,3.49
0.0,0.0
0.0,0.0
0.0,0.0
0.0,1.11
0.0,1.79
3.57,1.79
7.14,3.57
0.0,0.0
0.0,0.0
0.0,0.0
3.7,3.7
3.57,0.0
0.0,0.0
0.0,1.79
0.0,1.32
71.43,0.0
72.5,0.0
72.5,0.0
72.5,0.0
54.76,11.9
53.49,13.95
32.5,0.0
67.5,0.0
72.5,0.0
3.57,46.43
3.57,46.43
3.57,53.57
3.57,46.43
3.57,53.57
3.57,50.0
3.57,46.43
12.9,51.61
3.57,50.0
3.57,71.43
3.57,64.29
3.57,50.0
3.7,12.7
2.69,6.45
2.34,10.16
2.46,10.66
3.57,14.29
6.67,20.0
6.25,21.88
60.0,0.0
67.86,0.0
72.0,0.0
0.0,1.67
0.0,3.33
0.0,0.0
7.14,21.43
0.0,17.86
3.57,1.79
3.57,7.14
3.57,7.14
10.71,14.29
3.57,14.29
7.14,14.29
17.86,17.86
3.57,32.14
3.57,32.14
3.57,35.71
0.0,27.59
3.57,28.57
0.0,40.0
3.57,35.71
6.67,30.0
0.0,35.71
0.0,3.57
0.0,25.0
0.0,25.0
0.0,1.67
3.57,35.71
3.57,32.14
0.0,35.71
0.0,35.71
3.57,35.71
3.57,28.57
3.57,25.0
3.57,25.0
3.57,25.0
3.57,25.0
9.09,9.09
0.0,10.0
3.33,15.0
22.86,5.71
0.0,10.0
25.81,9.68
0.0,10.0
25.81,11.29
0.0,19.35
7.14,7.14
7.14,7.14
0.0,10.71
0.0,10.71
7.14,21.43
34.29,20.0
34.29,20.0
40.0,17.14
29.63,22.22
37.5,21.88
34.62,17.31
34.62,19.23
34.62,17.31
35.71,25.0
0.0,26.67
30.0,20.0
30.0,20.0
6.67,20.0
22.58,8.06
100.0,0.0
0.0,29.17
0.0,40.0
0.0,40.0
13.33,13.33
0.0,50.0
0.0,50.0
60.61,18.18
65.62,15.62
57.58,18.18
33.8,9.86
38.03,8.45
26.76,8.45
28.17,9.86
0.0,1.79
0.0,1.79
47.37,9.21
47.37,9.21
47.37,10.53
29.58,9.86
30.99,8.45
26.76,12.68
47.37,11.84
0.0,0.0
100.0,0.0
66.67,0.0
66.67,0.0
100.0,0.0
96.67,0.0
100.0,0.0
3.33,0.0
3.33,0.0
3.23,3.23
0.0,100.0
0.0,100.0
0.0,100.0
0.0,100.0
48.33,0.0
55.0,0.0
55.0,0.0
41.67,0.0
55.0,0.0
88.33,0.0
15.38,3.85
2.33,13.95
43.59,7.69
43.59,7.69
41.03,10.26
46.15,7.69
60.53,0.0
53.57,8.93
52.17,4.35
32.43,6.76
29.17,12.5
28.57,16.67
30.77,9.62
32.69,9.62
30.77,9.62
30.77,9.62
32.69,9.62
39.13,2.17
20.93,4.65
25.71,4.29
0.0,7.14
11.76,5.88
19.35,4.84
32.5,5.0
2.5,6.25
0.0,7.5
38.46,3.85
31.25,3.12
16.07,4.46
38.71,0.0
29.03,0.0
7.14,0.0
28.81,1.69
28.81,1.69
30.0,5.0
0.0,3.33
17.24,1.72
20.0,1.82
12.24,8.16
3.57,5.36
21.82,12.73
9.09,21.82
3.45,0.0
27.03,0.0
6.17,17.62
1.76,21.59
2.0,12.0
1.0,17.0
3.67,2.04
2.45,0.82
2.86,1.63
1.63,1.22
0.0,28.57
0.0,28.57
0.0,28.57
0.0,28.57
0.0,28.57
0.0,40.0
0.0,25.0
0.0,28.57
0.0,32.14
3.57,28.57
3.57,21.43
10.0,0.0
10.0,0.0
10.0,0.0
10.0,0.0
10.0,0.0
2.8,9.09
40.54,0.0
37.84,0.0
6.12,1.02
0.0,10.94
2.44,9.76
37.84,0.0
3.33,10.0
6.67,0.0
0.0,10.0
7.14,7.14
2.65,2.21
1.77,3.98
1.77,4.42
3.54,0.0
3.57,17.86
6.67,20.0
4.85,1.98
4.71,2.06
3.53,2.06
20.0,20.0
20.0,20.0
20.0,20.0
20.0,20.0
0.0,85.71
13.33,0.0
12.0,0.0
13.33,0.0
9.33,0.0
8.67,0.0
9.33,0.0
8.67,0.0
12.0,0.0
8.0,0.0
4.0,0.0
13.33,0.0
13.33,0.0
12.0,0.0
12.67,0.0
11.33,0.0
9.33,0.0
12.0,0.0
11.76,0.0
18.94,1.54
13.22,0.0
5.88,0.0
0.0,19.57
5.0,35.0
0.0,10.71
0.0,33.33
7.84,7.06
5.49,14.12
7.06,12.55
1.57,15.69
5.05,0.0
0.0,0.0
0.0,32.14
0.0,32.14
0.0,32.14
5.08,1.06
5.08,3.39
5.08,2.12
5.08,0.0
8.82,3.68
8.82,0.0
11.02,1.06
11.02,1.06
2.92,1.04
0.42,1.27
11.25,0.0
7.92,0.0
7.14,0.0
7.14,32.14
3.57,21.43
6.67,26.67
13.33,26.67
6.67,30.0
3.33,16.67
0.0,30.0
0.0,10.71
0.0,32.14
0.0,21.43
0.0,32.14
0.0,16.67
0.0,19.87
0.0,23.84
0.0,20.53
0.66,18.54
0.66,24.5
0.66,23.18
0.0,10.39
6.49,6.49
0.0,9.09
1.3,9.09
0.0,9.09
2.6,7.79
1.3,9.09
3.57,35.71
0.0,42.86
0.0,32.14
1.75,1.75
1.75,1.75
8.77,1.75
1.75,1.75
36.84,11.84
44.74,15.79
39.47,18.42
36.84,18.42
7.14,17.86
7.14,16.07
9.3,16.28
9.3,16.28
28.95,18.42
36.84,21.05
9.23,13.85
5.71,12.86
11.84,14.47
11.84,14.47
17.11,10.53
0.0,26.83
1.82,25.45
2.38,26.19
3.57,26.19
4.29,25.71
1.43,24.29
2.86,25.71
1.43,24.29
1.43,24.29
3.57,25.0
0.0,53.33
0.0,53.33
0.0,53.85
0.0,12.5
1.79,5.36
0.0,26.67
0.0,46.67
0.0,40.0
2.67,6.67
60.0,0.0
40.0,0.0
61.36,0.0
61.36,0.0
45.0,0.0
40.0,0.0
59.09,0.0
45.0,0.0
40.0,0.0
50.0,0.0
8.57,0.71
6.43,0.0
7.86,0.0
5.0,0.0
5.0,0.0
7.86,0.0
4.29,0.0
6.43,0.0
4.29,0.0
7.14,0.0
7.86,0.0
8.57,0.0
4.29,0.0
7.86,0.0
21.43,0.0
10.0,0.0
5.0,0.71
4.44,0.0
1.11,0.0
2.35,0.0
2.11,0.0
2.22,0.0
2.35,0.0
1.18,2.35
1.89,5.66
0.94,4.72
3.11,3.56
0.0,9.3
0.0,9.41
0.0,9.3
1.18,0.0
0.0,0.0
0.0,3.53
5.56,22.22
4.76,23.81
2.33,2.33
1.75,12.28
4.29,8.57
2.86,10.0
2.86,8.57
4.29,10.0
2.86,10.0
11.11,5.13
11.11,5.13
4.62,21.54
5.41,15.32
3.08,20.0
3.85,9.62
3.12,9.38
1.38,5.52
3.01,8.27
0.0,7.08
0.0,7.96
0.0,5.31
0.0,5.31
0.0,7.96
0.0,5.31
0.0,13.73
1.25,10.0
0.89,8.93
0.0,5.36
0.88,15.04
0.0,12.39
1.77,16.81
2.65,14.16
2.65,11.5
0.88,15.04
0.0,9.86
0.7,11.97
0.0,5.63
0.0,14.08
0.0,2.94
2.35,3.53
1.76,5.88
0.0,2.65
0.0,1.77
0.0,13.27
0.0,0.88
0.0,1.33
0.0,1.75
0.0,3.51
0.0,0.0
18.52,5.56
17.39,8.7
20.0,11.43
20.29,8.7
22.81,4.39
21.74,11.59
20.29,10.14
24.56,5.26
18.57,8.57
23.19,10.14
22.86,10.0
22.03,5.08
23.19,8.7
20.0,1.18
18.75,10.94
21.88,12.5
21.88,10.94
18.75,10.94
26.32,4.39
22.81,4.39
24.56,6.14
22.03,4.24
23.44,7.81
19.05,9.52
20.31,10.94
21.88,12.5
21.88,9.38
20.78,0.0
21.67,8.33
18.52,5.56
23.4,23.4
3.33,7.5
16.33,10.2
14.29,0.0
24.66,23.29
27.4,19.18
31.17,29.87
27.12,1.69
13.56,0.0
25.42,0.0
25.42,0.0
0.0,25.0
0.0,29.09
3.64,29.09
0.0,0.59
2.38,16.67
2.38,16.67
0.0,1.77
0.0,0.59
0.0,0.59
0.0,0.59
0.0,0.88
73.33,0.0
56.76,29.73
56.76,21.62
56.76,27.03
42.5,42.5
62.5,17.5
52.5,20.0
62.5,17.5
57.5,17.5
45.0,35.0
35.0,37.5
35.0,37.5
42.5,30.0
35.0,25.0
35.56,35.56
42.11,31.58
55.56,22.22
37.5,37.5
42.5,30.0
42.5,35.0
62.5,17.5
58.54,24.39
55.0,25.0
46.15,33.33
90.48,0.0
90.48,0.0
90.48,0.0
3.41,11.36
20.0,0.0
0.0,0.0
0.0,0.0
1.32,19.87
33.33,26.67
30.0,26.67
30.0,23.33
3.33,66.67
3.33,50.0
6.67,46.67
3.33,50.0
3.33,70.0
33.33,26.67
0.0,8.33
11.11,22.22
16.67,16.67
22.22,0.0
11.11,0.0
25.0,0.0
0.0,0.0
2.35,0.59
0.0,0.0
47.5,22.5
52.38,23.81
54.76,11.9
50.0,36.67
16.67,11.67
0.0,0.0
0.0,0.0
0.0,0.0
0.0,0.0
0.0,0.0
0.0,0.0
0.0,0.0
0.0,0.0
5.56,50.0
10.0,15.0
3.57,14.29
3.57,16.07
3.57,14.29
0.0,1.79
68.29,0.0
65.12,6.98
54.17,31.25
46.34,24.39
52.5,25.0
42.5,37.5
42.5,37.5
2.78,50.0
5.56,50.0
5.56,50.0
65.0,0.0
52.63,0.88
7.14,64.29
71.43,22.86
65.62,0.0
0.0,0.0
50.0,0.0
5.56,50.0
5.71,54.29
70.0,15.0
0.0,0.0
0.0,0.0
0.0,0.0
0.0,0.0
0.0,0.0
0.0,0.0
0.0,0.0
0.0,0.0
0.0,0.0
0.0,0.0
0.0,0.0
0.0,0.0
2.94,50.0
0.0,48.65
2.7,48.65
13.33,43.33
2.7,48.65
35.0,30.0
51.35,24.32
50.0,0.0
70.0,0.0
64.15,0.0
72.5,0.0
39.47,21.05
40.48,26.19
33.33,23.81
2.5,1.46
0.0,16.07
2.92,1.46
7.92,1.46
6.25,1.04
42.5,37.5
42.5,37.5
50.0,0.0
16.67,18.75
14.29,17.86
57.5,17.5
47.5,0.0
47.5,0.0
53.85,20.51
55.0,17.5
6.25,43.75
2.94,67.65
45.0,0.0
2.94,50.0
5.71,54.29
22.81,0.0
52.63,0.88
59.65,0.0
5.56,55.56
45.0,22.5
59.65,0.0
2.78,50.0
75.0,0.0
30.95,0.0
30.95,0.0
35.9,35.9
54.05,27.03
70.0,15.0
64.1,0.0
67.86,0.0
3.57,25.0
36.84,34.21
2.78,58.33
0.0,45.0
53.49,23.26
50.0,0.0
51.52,0.0
52.63,0.88
3.45,0.0
3.57,64.29
6.25,46.88
35.0,35.0
5.56,55.56
5.56,55.56
5.71,54.29
2.78,50.0
7.14,50.0
15.0,15.0
15.0,12.5
20.0,12.5
6.67,16.67
10.0,16.67
0.0,20.0
0.0,16.67
6.67,26.67
3.57,14.29
14.29,14.29
3.57,14.29
39.29,21.43
0.0,14.29
3.57,16.07
6.98,4.65
4.35,3.26
4.65,2.33
4.65,2.33
3.33,3.33
3.33,3.33
6.67,3.33
3.85,2.88
5.26,3.51
5.26,3.51
7.02,3.51
5.88,4.41
4.65,3.49
4.65,3.49
4.71,1.18
5.88,1.18
12.94,1.76
2.35,1.18
7.5,3.75
7.5,2.5
56.41,30.77
0.0,57.14
0.0,100.0
0.0,15.15
0.0,28.57
3.57,28.57
3.57,28.57
88.33,0.0
0.0,0.0
44.44,0.0
8.85,0.0
44.44,0.0
44.44,0.0
44.44,0.0
44.44,0.0
44.44,0.0
88.33,0.0
88.33,0.0
0.77,0.0
3.15,0.0
2.31,1.54
1.54,0.77
0.77,0.0
0.77,0.0
3.15,0.0
0.77,0.0
3.28,0.0
16.13,0.0
4.92,0.0
5.56,3.17
6.3,0.0
0.77,0.0
0.77,0.38
0.77,0.0
0.42,0.21
0.0,0.21
7.69,10.26
0.0,0.0
0.0,0.0
0.42,0.0
6.67,53.33
0.0,0.0
0.0,0.0
0.0,0.0
0.0,0.0
8.33,61.11
5.88,76.47
53.85,0.0
45.0,35.0
45.0,37.5
45.0,37.5
3.57,35.71
3.57,35.71
3.57,35.71
7.14,32.14
10.71,17.86
0.0,21.43
0.0,17.86
7.69,49.23
68.29,0.0
27.78,30.56
40.0,27.5
4.64,3.38
5.0,2.08
5.0,0.0
20.0,7.69
20.31,9.38
4.0,48.0
24.07,12.96
32.43,6.76
29.17,10.42
15.0,30.0
15.0,30.0
5.13,2.56
4.65,2.33
6.25,43.75
3.57,16.07
5.88,2.94
6.32,1.58
12.63,1.58
6.32,2.11
40.0,27.5
5.71,54.29
23.64,14.55
6.25,46.88
0.0,0.0
5.88,0.0
6.67,46.67
3.57,42.86
3.57,39.29
10.0,0.0
15.56,0.0
15.56,0.0
12.22,0.0
2.48,0.0
2.48,0.0
3.52,1.1
0.0,21.43
1.32,1.64
6.67,20.0
3.33,60.0
26.67,20.0
3.33,40.0
13.33,0.0
13.33,16.67
16.67,11.67
16.67,43.33
6.67,30.0
0.0,0.0
8.93,0.89
7.7,5.3
0.0,80.0
50.0,0.0
0.0,3.8
0.0,0.0
7.1,11.0
21.43,0.0
5.17,19.95
0.0,0.0
2.35,0.0
0.0,0.0
11.25,0.0
18.18,10.23
43.33,0.0
43.33,0.0
71.43,0.0
0.0,0.0
38.1,2.38
14.29,0.0
0.0,0.877
0.0,100.0
0.0,100.0
0.0,0.0
7.69,1.92
0.0,0.0
3.57,1.79
0.0,46.67
0.0,1.82
0.0,0.0
16.0,15.0
1.79,21.43
19.29,0.0
0.0,0.0
10.0,0.0
10.0,0.0
1.79,23.21
14.29,1.79
10.71,0.0
0.0,66.67
0.0,46.67
0.0,0.0
43.33,0.0
40.0,0.0
2.0,1.0
0.0,0.0
1.25,17.5
0.5,2.6
0.0,0.0
40.0,0.0
16.67,0.0
0.0,0.0
0.0,0.0
40.0,0.0
24.24,4.55
27.78,0.0
41.18,1.47
3.57,3.57
40.0,0.0
0.0,0.0
0.0,0.0
0.0,0.48
26.67,5.0
14.29,7.14
0.0,0.0
5.0,0.0
0.5,2.6
3.6,3.1
33.33,33.33
0.9,0.5
0.0,0.0
21.43,10.71
21.43,10.71
18.18,0.0
3.33,20.0
0.0,26.67
77.78,0.0
2.3,2.7
9.41,0.0
0.0,0.55
0.5,3.0
3.57,1.79
0.0,0.0
33.33,16.67
33.33,8.33
73.68,0.0
14.29,14.29
1.3,6.2
6.67,0.0
21.21,12.12
12.5,31.25
0.5,0.5
1.9,1.6
0.1,0.89
0.0,9.05
0.0,0.0
56.92,6.92
54.84,7.26
9.0,0.0
0.0,26.67
27.03,21.62
1.0,1.5
5.91,3.64
9.0,0.0
9.5,0.0
12.0,0.0
3.57,3.57
12.0,8.0
3.33,11.67
6.67,11.67
0.0,1.67
0.0,1.64
0.0,1.75
14.29,7.14
0.0,0.0
0.0,0.0
2.0,0.0
1.26,0.0
0.0,0.0
54.0,0.0
54.0,0.0
54.0,0.0
53.33,0.0
3.57,0.0
43.33,0.0
0.0,0.0
40.0,2.7
0.0,100.0
10.0,15.0
0.0,0.0
0.0,0.0
22.22,0.0
0.0,0.0
0.0,0.0
50.0,36.67
0.0,0.0
0.0,0.0
27.78,0.0
1.3,4.3
0.0,0.0
0.0,0.0
3.33,0.0
3.33,0.0
3.85,0.0
2.94,2.94
10.71,17.86
14.29,0.0
25.0,0.5
40.74,33.33
37.04,33.33
0.0,0.0
5.5,0.0
8.7,0.5
7.6,6.8
1.3,6.2
0.0,0.0
0.0,0.0
0.0,2.2
0.0,0.0
1.25,17.5
0.49,0.49
0.49,0.49
0.98,0.49
0.0,0.0
0.645,3.87
1.0,1.0
7.1,11.0
14.0,14.0
14.0,14.29
0.0,44.62
60.0,0.0
6.67,33.33
6.67,33.33
0.0,7.14
28.81,1.69
43.33,3.33
2.5,6.25
2.5,6.25
18.75,4.69
25.0,3.12
33.33,30.0
37.84,0.0
4.72,0.79
3.33,16.67
5.73,3.08
11.33,0.0
9.33,0.0
10.67,0.0
4.0,0.0
11.33,0.0
3.96,0.0
8.81,0.0
5.26,26.32
15.04,0.0
13.27,0.0
0.0,28.57
0.0,28.57
11.48,0.0
71.43,0.0
72.5,0.0
72.5,0.0
32.5,0.0
9.38,53.12
9.38,53.12
6.25,50.0
10.83,0.0
0.0,76.92
7.14,21.43
0.0,0.0
0.0,0.0
0.0,0.0
0.0,0.0
0.0,10.0
0.0,0.0
16.67,0.0
0.0,14.0
0.0,0.0
88.89,0.0
0.87,0.0
0.87,0.0
0.87,0.0
23.88,11.94
25.37,11.94
25.37,13.43
31.76,1.18
23.44,10.94
23.44,9.38
6.0,3.0
6.45,0.0
0.0,20.0
0.0,17.86
3.6,21.4
1.2,5.1
0.8,1.2
0.0,0.0
7.14,5.71
0.0,50.0
55.0,0.0
8.57,0.71
0.0,0.0
10.14,0.0
11.83,0.0
10.42,0.0
13.24,0.0
11.27,0.0
11.83,0.0
13.8,0.0
12.39,0.0
12.96,0.0
10.42,0.0
13.24,0.0
11.27,0.0
11.83,0.0
13.52,0.0
12.96,0.0
12.96,0.0
10.26,2.56
63.64,18.18
54.55,22.73
54.55,22.73
12.96,0.0
10.7,0.0
0.0,0.0
10.14,0.0
12.68,0.0
12.39,0.0
0.0,0.0
0.0,0.0
1.79,0.0
39.13,2.17
21.21,9.09
6.25,25.0
0.85,3.39
18.46,0.0
13.85,0.0
13.85,0.0
15.38,0.0
2.48,0.0
15.0,0.0
11.63,8.14
0.0,78.57
53.33,0.0
41.03,7.69
43.59,7.69
0.0,43.33
37.5,0.0
3.33,15.0
48.28,17.24
3.28,0.0
1.64,0.0
3.28,0.0
3.57,25.0
0.0,35.71
0.0,35.71
3.57,32.14
0.0,35.71
0.0,28.57
0.0,35.71
3.33,0.0
13.33,3.33
6.67,23.33
3.23,0.0
0.0,25.0
0.0,25.0
3.57,46.43
10.71,35.71
3.57,28.57
0.0,32.14
3.57,32.14
0.0,35.71
8.46,0.77
10.0,0.77
2.7,32.43
4.05,24.32
2.22,28.89
2.22,28.89
1.54,16.92
9.38,50.0
9.38,50.0
9.3,16.28
9.17,0.0
11.67,0.0
7.08,0.0
29.03,0.0
0.0,25.0
23.53,0.0
6.67,20.0
14.29,42.86
33.33,30.0
4.35,2.17
11.96,2.72
14.13,2.17
14.13,2.72
15.22,2.72
14.13,0.0
14.13,2.72
13.04,3.26
9.09,23.64
33.33,28.57
2.04,8.84
2.04,10.2
2.04,10.2
2.72,8.84
2.5,17.5
3.57,50.0
3.57,46.43
16.67,50.0
3.57,50.0
3.57,53.57
3.57,53.57
3.57,46.43
0.0,100.0
1.77,0.44
0.88,0.0
2.65,0.0
29.41,21.18
24.78,17.7
20.0,0.0
7.14,12.86
3.57,7.14
5.95,9.52
25.0,10.0
28.57,22.86
28.57,25.71
28.57,16.67
35.29,17.65
38.24,20.59
1.67,4.17
0.0,28.12
0.0,31.25
3.57,46.43
7.14,46.43
3.57,53.57
3.57,53.57
3.53,7.06
8.57,0.71
7.14,0.0
3.33,10.0
6.67,0.0
3.57,1.79
3.57,1.79
3.57,1.79
3.57,1.79
3.57,1.79
3.57,1.79
1.79,1.79
1.79,1.79
36.36,21.21
31.25,28.12
10.0,30.0
44.83,20.69
41.38,20.69
28.81,1.69
7.14,3.57
18.75,4.69
25.0,3.12
0.0,100.0
0.0,100.0
0.0,100.0
5.0,2.08
0.0,0.0
3.54,2.21
6.67,20.0
6.67,16.67
0.42,0.0
32.14,25.0
3.57,2.68
3.57,2.68
88.89,0.0
52.17,4.35
38.71,32.26
25.71,34.29
23.08,7.69
0.0,12.5
22.37,11.84
24.66,10.96
4.41,12.5
15.44,11.76
32.35,13.24
0.0,0.0
28.95,21.05
23.81,11.11
20.0,10.0
12.9,16.13
18.75,3.12
32.69,9.62
7.41,0.0
3.57,5.36
6.67,3.33
20.59,13.24
4.8,0.0
5.0,0.0
3.33,0.0
0.61,0.0
0.64,0.0
4.8,0.4
3.64,4.55
3.64,4.55
3.64,4.55
5.0,8.57
4.64,11.92
6.2,10.08
5.56,11.11
13.11,0.0
14.84,0.0
9.02,0.0
10.71,0.0
0.0,9.38
0.0,0.0
7.08,0.0
10.0,0.0
11.67,0.0
11.67,0.0
11.67,0.0
0.0,0.0
0.0,0.0
0.0,0.0
94.44,0.0
94.12,0.0
94.12,0.0
94.12,0.0
94.12,0.0
0.0,0.0
5.0,0.0
5.0,0.0
0.0,1.79
4.8,0.4
33.8,0.0
33.8,0.0
33.8,0.0
60.0,0.0
50.68,0.0
40.85,0.0
2.5,20.0
5.56,22.22
7.78,1.11
0.0,10.13
20.0,0.0
20.0,0.0
20.0,0.0
20.0,0.0
0.0,0.0
26.67,0.0
0.0,0.0
25.0,0.0
0.0,0.0
0.0,0.0
0.0,0.0
24.14,20.69
39.0,40.0
46.67,0.0
53.33,0.0
58.33,0.0
3.57,1.79
1.79,0.89
3.57,1.79
1.79,0.89
1.79,0.89
1.54,0.77
1.79,0.89
3.57,1.79
3.57,1.79
2.04,3.06
1.64,3.28
1.79,3.57
3.57,1.79
3.57,1.79
1.54,0.77
1.79,0.89
1.79,0.89
1.79,0.89
1.79,0.89
3.57,1.79
100.0,0.0
0.0,12.5
0.0,0.0
33.33,0.0
0.0,0.0
3.23,0.0
33.33,26.67
2.78,1.39
2.78,1.39
2.78,1.39
2.78,1.39
2.86,0.0
2.78,1.39
2.78,1.39
2.78,1.39
2.22,0.0
2.63,0.0
0.0,0.0
0.0,0.0
0.0,0.0
0.0,0.0
0.0,0.0
0.0,0.0
0.0,0.0
6.45,22.58
6.45,22.58
52.17,0.0
0.0,100.0
3.33,25.56
3.33,25.56
7.14,3.57
3.64,0.0
0.0,50.0
17.19,9.38
3.33,10.0
20.0,1.33
16.36,0.0
21.82,9.09
16.36,0.0
0.0,33.33
6.67,16.67
1.96,2.94
3.57,5.36
3.57,1.79
3.57,1.79
7.14,3.57
16.92,10.77
20.0,9.23
9.17,0.0
9.17,0.0
0.0,32.14
0.0,28.57
0.0,32.14
5.26,23.68
0.0,32.14
3.33,10.0
0.0,30.0
6.67,16.67
0.0,78.57
0.0,10.0
3.7,16.67
0.0,39.29
1.79,39.29
0.0,32.14
1.79,26.79
1.79,33.93
6.98,30.23
7.02,28.07
0.0,32.14
0.0,28.57
0.0,32.14
0.0,17.86
0.0,32.14
0.0,78.57
0.0,50.0
1.1,34.07
0.0,8.33
12.68,0.0
12.68,0.0
1.05,10.53
1.05,10.53
2.78,12.96
3.95,9.21
3.54,9.73
3.7,9.26
1.19,10.71
0.88,5.31
0.93,10.19
0.79,6.3
0.71,7.09
0.71,7.09
1.42,7.09
0.71,3.19
1.22,5.49
1.05,10.53
1.18,11.76
2.35,11.76
0.0,11.49
0.0,11.49
30.1,15.8
4.58,3.33
5.0,2.08
100.0,0.0
100.0,0.0
100.0,0.0
100.0,0.0
100.0,0.0
100.0,0.0
100.0,0.0
100.0,0.0
100.0,0.0
100.0,0.0
100.0,0.0
0.0,53.1
3.53,14.12
0.8,0.0
0.0,3.2
14.7,0.0
14.29,0.0
11.9,0.0
4.07,0.0
4.07,0.0
11.02,0.0
11.02,0.0
4.07,0.0
5.6,0.4
5.6,0.8
4.0,0.0
3.17,0.0
6.35,0.0
0.0,0.0
1.65,0.0
1.65,0.0
2.5,0.0
3.28,0.0
4.76,0.0
4.76,0.0
4.76,0.0
4.07,0.0
3.31,0.0
1.59,0.0
1.59,0.0
3.31,0.0
2.54,0.42
3.17,0.0
2.38,0.0
3.17,0.0
0.0,18.0
35.2,27.4
3.53,0.0
2.47,0.0
2.35,0.0
2.35,0.0
2.35,0.0
2.35,0.0
4.71,0.0
4.49,0.0
1.2,0.0
0.0,0.0
0.0,0.0
1.18,0.59
2.35,0.0
0.0,19.47
2.86,10.0
12.38,4.76
11.43,4.76
21.18,0.0
0.0,13.92
0.0,13.25
0.0,4.12
0.0,3.33
0.0,3.33
0.0,6.67
0.0,6.67
13.33,0.0
13.33,0.0
33.33,11.11
33.33,16.67
33.33,11.11
33.33,16.67
85.71,0.0
85.71,0.0
85.71,0.0
0.0,0.0
20.0,0.0
20.0,0.0
85.71,0.0
85.71,0.0
85.71,0.0
85.71,0.0
85.71,0.0
85.71,0.0
85.71,0.0
80.65,1.61
85.71,0.0
87.5,0.0
85.71,0.0
85.71,0.0
85.71,0.0
3.6,1.5
0.0,0.0
20.0,20.0
0.0,0.7
0.1,0.7
0.0,0.0
3.75,0.0
0.0,0.0
0.0,0.0
0.0,0.0
0.0,0.0
0.0,0.7
66.67,0.0
0.04,0.0
3.2,0.4
20.0,0.0
21.0,0.1
60.0,0.0
60.0,0.0
0.0,0.0
0.0,0.0
20.0,0.0
0.0,0.0
0.0,0.0
40.0,0.0
0.0,0.0
1.0,1.0
13.33,0.0
20.0,0.0
20.0,0.0
0.0,0.0
0.0,0.0
0.0,0.0
11.76,0.0
0.0,73.33
28.57,0.0
73.0,0.0
1.1,0.64
0.1,0.7
0.0,0.7
0.0,0.7
0.0,0.7
20.8,0.4
0.0,0.7
0.0,0.7
0.1,0.7
0.0,0.7
0.1,0.0
0.0,0.7
0.0,0.0
7.2,0.5
7.2,0.5
7.2,0.5
0.0,0.0
7.2,0.5
66.67,4.17
73.33,0.0
73.33,0.0
73.33,0.0
31.43,0.0
30.0,0.0
30.0,0.0
40.0,0.0
50.0,0.0
50.0,0.0
40.0,0.0
40.0,0.0
50.0,0.0
40.0,0.0
50.0,0.0
50.0,0.0
50.0,0.0
40.0,0.0
50.0,0.0
20.0,43.33
9.38,46.88
9.38,50.0
9.38,46.88
12.5,46.88
12.5,46.88
76.19,0.0
20.0,5.0
20.0,5.0
17.65,11.76
22.06,16.18
17.65,11.76
16.18,14.71
17.65,11.76
19.12,13.24
19.12,11.76
23.53,11.76
17.65,11.76
17.65,16.18
23.53,11.76
17.65,10.29
23.53,13.24
22.06,8.82
25.0,8.33
21.67,5.0
0.0,0.0
0.0,0.0
0.0,0.0
21.43,3.57
17.86,3.57
4.17,0.0
37.14,5.71
37.14,5.71
0.0,21.43
0.0,21.43
16.88,12.99
16.67,16.67
13.89,13.89
19.44,15.28
15.28,12.5
20.83,15.28
14.58,0.0
16.25,0.0
14.58,0.0
3.57,7.14
3.57,16.07
5.71,1.43
1.57,0.0
0.0,0.0
0.0,84.62
7.14,25.0
1.6,10.4
2.26,9.77
2.13,9.93
0.0,16.67
20.0,0.0
20.0,0.0
20.0,0.0
20.0,0.0
7.03,1.95
0.0,0.0
21.18,0.0
22.35,0.0
17.65,0.0
90.48,0.0
90.48,0.0
90.48,0.0
90.48,0.0
90.48,0.0
71.43,0.0
79.17,0.0
26.67,16.67
33.33,15.0
4.76,1.59
0.0,14.29
20.0,0.0
20.0,0.0
17.86,0.0
7.06,0.0
28.57,0.0
7.65,0.0
0.0,0.0
25.0,0.0
0.0,0.0
0.0,0.0
0.0,0.0
0.0,0.0
17.86,0.0
25.0,0.0
0.0,0.0
0.0,0.0
0.0,0.0
2.92,0.0
14.13,2.72
13.04,3.26
14.13,2.72
14.13,2.17
15.29,0.88
7.65,0.0
11.84,14.47
13.33,0.0
3.53,0.0
0.0,32.14
3.57,2.68
1.75,8.77
12.5,0.0
19.77,1.16
19.77,1.16
19.77,1.16
20.93,1.16
19.77,1.16
7.03,1.17
7.03,1.95
10.0,2.86
1.67,1.67
3.33,0.0
2.48,0.0
12.12,0.0
2.48,0.0
13.93,0.0
3.57,1.79
3.57,1.79
3.57,1.79
3.57,26.79
3.57,26.79
36.84,23.68
50.0,0.0
42.86,21.43
42.11,15.79
10.0,0.0
37.5,0.0
3.33,0.0
2.86,0.0
3.57,53.57
20.0,20.0
20.0,20.0
20.0,0.0
5.05,1.52
11.84,11.84
7.81,0.0
4.76,0.0
6.67,30.0
0.0,0.0
15.22,2.72
6.9,6.9
6.67,0.0
38.89,0.0
15.38,3.85
0.0,5.88
0.0,30.23
28.57,35.71
0.85,3.39
3.85,19.23
0.0,1.79
6.25,25.0
46.67,20.0
51.72,20.69
46.67,20.0
37.5,21.88
29.63,22.22
18.75,31.25
9.17,0.0
9.17,0.0
13.75,0.0
0.8,6.4
0.41,5.31
0.41,2.86
0.0,0.61
0.0,1.18
0.59,1.18
3.91,0.78
3.91,0.78
3.2,0.8
3.91,0.78
14.71,0.88
7.94,1.19
4.0,0.0
9.33,0.0
13.33,0.0
12.0,0.0
13.33,0.0
12.67,0.0
12.0,0.0
7.81,0.0
3.53,17.65
4.71,17.65
32.69,9.62
32.69,9.62
41.18,2.94
20.69,3.45
5.0,2.08
5.0,0.0
42.11,15.79
42.11,15.79
20.0,36.67
6.67,30.0
0.0,50.0
11.11,22.22
47.5,0.0
72.5,0.0
52.38,0.0
50.0,0.0
80.49,0.0
67.5,0.0
57.14,0.0
62.5,20.0
52.5,30.0
52.5,27.5
32.5,40.0
55.81,0.0
71.43,0.0
40.48,0.0
47.5,0.0
72.5,0.0
73.33,0.0
65.0,27.5
16.67,3.33
57.14,0.0
3.28,0.0
46.15,7.69
1.67,1.67
1.67,1.67
33.33,0.0
44.74,18.42
42.11,15.79
42.11,15.79
47.37,18.42
47.37,15.79
14.29,21.43
10.0,23.33
37.5,25.0
37.5,21.88
2.5,16.25
2.63,18.42
0.0,18.0
0.0,21.05
0.0,18.42
0.0,32.14
50.0,26.32
55.0,0.0
60.53,21.05
50.0,26.32
63.89,0.0
80.0,0.0
57.58,18.18
65.62,15.62
7.02,10.53
33.33,11.67
7.14,46.43
20.31,3.12
13.24,0.0
0.0,0.0
13.24,0.0
0.0,0.0
21.95,0.0
21.95,0.0
21.95,0.0
7.14,5.71
4.29,5.0
9.33,0.0
8.67,0.0
8.67,0.0
0.0,0.38
0.77,0.0
0.0,0.38
9.25,0.0
9.25,0.0
40.0,0.0
45.0,0.0
14.29,0.0
7.81,0.0
23.53,0.0
23.53,0.0
7.65,0.0
7.65,0.0
15.88,0.88
10.77,0.0
13.85,0.0
12.31,0.38
0.88,0.0
2.65,0.0
1.77,0.44
1.54,0.38
42.11,0.0
0.0,2.23
0.0,0.0
0.0,32.14
0.0,32.14
0.0,32.14
0.0,32.14
0.0,28.57
0.0,21.43
0.86,0.65
1.25,0.83
0.83,1.67
1.67,0.42
13.33,24.0
3.96,0.0
9.69,0.0
4.04,10.1
5.05,9.09
10.83,0.0
0.0,0.0
5.0,1.04
52.17,4.35
3.33,50.0
3.33,53.33
3.33,66.67
3.33,66.67
3.33,73.33
3.33,53.33
3.33,73.33
3.33,66.67
3.33,66.67
3.33,66.67
40.0,13.33
40.0,10.0
33.33,30.0
33.33,30.0
46.67,16.67
8.87,0.0
9.02,0.0
8.87,0.0
15.32,0.0
29.17,10.42
38.71,16.13
36.67,23.33
15.0,30.0
15.0,30.0
0.0,1.79
0.0,1.79
0.0,2.68
0.0,10.0
10.26,2.56
0.0,0.0
17.86,0.0
28.57,0.0
0.0,0.0
0.0,28.12
0.0,31.25
0.0,28.12
0.0,32.14
0.0,32.14
0.0,32.14
0.0,32.14
0.0,28.57
0.0,21.43
0.0,32.14
0.0,32.14
0.0,32.14
0.0,32.14
6.67,33.33
6.67,0.0
6.67,36.67
2.92,0.0
47.37,0.0
7.14,7.86
58.82,0.0
0.0,0.0
0.0,0.0
0.0,0.0
0.0,0.0
0.0,0.0
0.0,0.0
0.0,25.0
0.0,35.71
3.57,35.71
0.0,35.71
0.0,35.71
3.57,28.57
3.57,28.57
3.57,42.86
3.57,32.14
3.57,42.86
0.0,50.0
60.71,0.0
60.0,0.0
60.0,0.0
65.0,2.5
0.0,25.0
2.35,10.59
0.0,4.46
0.0,0.0
0.0,0.0
0.0,0.0
0.0,0.0
0.0,0.0
0.0,0.0
20.0,0.0
20.0,0.0
9.38,46.88
12.5,46.88
6.25,50.0
25.0,37.5
9.09,48.48
9.38,46.88
1.25,0.0
41.67,2.08
0.0,0.0
0.0,0.0
23.53,0.0
23.53,0.0
23.53,0.0
0.8,2.0
0.0,1.6
17.65,0.0
0.0,2.0
18.75,0.0
0.0,0.0
3.57,2.68
3.57,2.68
3.57,2.68
20.0,14.0
42.11,15.79
44.74,15.79
39.47,18.42
33.33,30.0
40.0,13.33
58.33,20.83
0.0,39.29
3.57,53.57
72.5,0.0
72.5,0.0
82.5,0.0
31.25,53.12
42.11,23.68
57.5,17.5
47.06,14.71
71.43,0.0
47.5,11.25
65.0,15.0
94.12,0.0
54.76,4.76
12.2,0.0
45.0,6.25
72.5,0.0
72.5,0.0
70.0,0.0
72.5,0.0
71.43,0.0
66.67,0.0
0.0,0.0
23.53,0.0
14.29,0.0
16.41,0.0
9.02,0.0
14.16,0.0
8.85,0.0
15.93,0.0
16.81,0.0
16.81,0.0
3.57,1.79
3.33,10.0
0.0,33.33
2.75,3.92
3.46,1.92
0.0,27.27
0.0,24.24
14.29,0.0
14.29,0.0
17.78,0.0
21.82,9.09
21.82,9.09
26.79,5.36
8.7,0.0
0.0,0.75
0.83,0.83
37.74,1.89
20.37,4.63
21.82,5.45
2.48,0.0
5.69,0.0
4.96,0.0
14.06,0.0
9.02,0.0
14.06,0.0
14.84,0.0
13.33,0.0
13.33,0.0
8.2,0.0
14.84,0.0
14.84,0.0
8.2,0.0
14.84,0.0
9.6,0.0
14.62,0.0
13.85,0.0
8.0,0.0
13.85,0.0
20.0,0.0
22.35,0.0
24.69,0.0
16.05,0.0
32.14,32.14
46.43,28.57
46.43,28.57
3.57,53.57
9.58,0.0
12.3,0.0
12.3,0.0
12.3,0.0
15.93,0.0
2.99,8.21
2.78,9.03
10.0,2.86
0.0,8.77
0.0,28.57
7.14,17.86
8.77,12.28
3.33,50.0
3.33,73.33
0.0,0.0
0.0,0.0
10.83,0.0
10.83,0.0
4.17,0.0
12.92,0.0
0.0,0.0
13.33,0.0
11.67,0.0
16.25,0.0
15.83,0.0
12.5,0.0
11.67,0.0
10.0,0.0
2.92,0.0
7.08,0.0
3.76,6.77
2.92,0.0
3.33,0.0
1.67,0.0
1.54,0.0
1.67,0.0
1.67,0.0
1.67,0.0
1.67,0.0
1.67,0.0
1.67,0.0
1.54,0.38
1.54,0.38
1.54,0.38
0.77,0.0
1.54,0.77
1.55,0.78
1.27,6.78
8.46,0.77
2.31,0.77
0.8,0.4
0.0,0.77
1.54,0.0
1.56,0.78
5.38,1.54
6.92,1.54
0.0,0.41
0.41,3.67
1.22,0.61
5.0,0.0
5.0,0.0
4.8,0.0
3.33,0.0
4.8,0.8
3.2,0.8
4.0,0.8
4.8,0.8
0.77,0.0
0.8,0.0
0.8,0.4
4.8,0.4
4.0,0.4
4.8,0.4
4.8,0.4
12.05,0.0
0.0,0.0
0.0,0.0
0.0,0.0
7.14,1.79
14.81,1.85
0.0,9.09
4.55,6.82
20.0,4.0
0.0,0.0
0.0,0.43
2.48,0.0
2.48,0.0
2.48,0.0
4.07,0.41
3.31,0.0
4.13,0.0
4.07,0.0
2.48,0.0
4.88,0.0
2.48,0.0
4.88,0.0
3.28,0.0
2.48,0.0
4.88,0.0
2.4,0.0
0.0,0.89
0.42,10.17
0.0,1.79
2.92,0.0
2.92,0.0
2.92,0.0
28.57,25.71
28.57,22.86
0.0,0.89
0.0,0.89
0.0,0.0
2.22,0.0
5.26,0.0
2.63,0.0
0.0,0.0
0.0,3.49
0.0,0.0
0.42,0.0
15.93,0.0
10.0,0.77
2.78,0.0
3.33,46.67
13.33,23.33
26.67,0.0
36.67,40.0
3.33,40.0
12.5,0.0
12.92,0.0
0.42,0.0
0.42,0.0
2.5,0.0
3.33,0.0
14.16,0.0
13.27,0.0
4.26,1.06
1.96,1.96
2.22,1.11
7.03,1.17
7.03,1.17
7.03,1.95
7.87,1.18
7.94,1.19
14.29,0.0
16.41,0.0
9.02,0.0
30.77,9.62
11.83,0.0
10.7,0.0
12.39,0.0
11.27,0.0
11.67,0.0
0.0,0.0
13.75,0.0
12.08,0.0
12.08,0.0
10.83,0.0
11.25,0.0
7.65,0.0
14.71,0.88
7.06,0.0
7.65,0.0
3.57,1.79
3.57,1.79
3.57,1.79
3.57,1.79
3.57,1.79
3.57,1.79
3.57,1.79
3.57,1.79
3.57,1.79
3.57,1.79
3.57,1.79
3.57,1.79
3.57,1.79
3.57,1.79
3.57,1.79
3.57,1.79
3.57,1.79
10.0,2.86
6.06,10.1
8.57,3.57
10.0,2.86
5.31,11.5
20.0,1.43
9.68,3.23
4.55,0.83
2.08,3.33
3.72,0.41
3.17,3.17
2.08,2.92
2.01,3.61
4.76,1.59
9.09,0.0
9.09,0.0
3.28,0.0
3.28,0.0
3.28,0.0
0.0,1.79
2.33,13.95
11.36,3.41
0.0,0.0
2.92,0.0
0.0,19.57
0.0,6.67
5.0,35.0
0.0,28.57
45.45,22.73
1.67,0.0
1.67,0.0
3.33,0.0
4.8,0.8
4.8,0.8
2.4,0.0
4.8,0.4
9.09,4.55
23.08,0.0
0.0,0.0
6.67,16.67
26.67,0.0
2.5,0.0
4.17,0.0
3.75,0.0
0.0,32.14
0.0,0.0
0.0,0.0
0.0,0.0
0.0,0.0
0.0,0.0
0.0,18.75
1.67,10.0
3.33,10.0
3.33,10.0
11.25,0.0
3.54,4.42
4.13,0.0
2.48,0.0
39.13,2.17
39.13,2.17
39.13,2.17
3.57,50.0
1.43,1.43
4.29,1.43
5.36,1.79
3.51,0.0
0.66,1.66
0.66,1.66
0.0,3.33
2.78,2.78
2.94,2.94
3.23,9.68
3.23,4.84
3.23,12.9
23.44,2.34
23.44,3.12
9.58,0.0
0.83,0.42
0.81,0.0
3.03,0.0
3.03,0.0
6.25,0.0
4.41,10.29
8.57,12.86
7.14,10.71
0.0,20.0
2.94,8.82
1.67,4.17
1.92,5.77
1.67,5.0
11.96,2.72
0.0,0.0
0.0,0.0
42.11,0.0
90.48,0.0
90.48,0.0
90.48,0.0
90.48,0.0
90.48,0.0
0.0,0.0
0.0,0.0
0.0,0.0
90.48,0.0
75.0,0.0
79.17,0.0
79.17,0.0
79.17,0.0
79.17,0.0
71.43,0.0
0.0,0.0
0.0,0.0
68.0,0.0
77.27,0.0
0.0,1.2
9.6,0.0
0.8,5.6
3.2,3.2
0.0,1.2
0.0,1.6
1.6,2.4
0.8,6.4
0.8,4.8
0.8,4.8
9.6,0.0
0.42,0.21
0.0,0.0
1.6,2.0
0.8,2.0
2.33,0.78
2.26,2.26
1.6,1.6
0.0,9.38
0.0,0.0
27.03,0.0
0.41,0.82
1.22,6.53
0.82,2.86
56.41,7.69
10.0,6.67
10.0,0.0
52.17,0.0
3.28,0.0
3.28,0.0
2.48,0.0
25.33,8.0
25.33,8.0
26.67,10.67
13.95,4.65
20.93,4.65
3.57,57.14
3.57,50.0
28.57,32.14
42.86,21.43
50.0,16.07
0.0,0.0
40.0,0.0
0.86,0.0
12.39,0.0
16.41,0.0
6.12,1.02
6.12,1.02
6.12,1.02
0.85,0.42
23.53,8.82
0.0,20.83
0.0,10.42
0.0,10.42
61.29,29.03
2.78,50.0
5.56,55.56
6.25,46.88
5.56,55.56
2.94,50.0
0.0,0.0
0.0,0.0
3.33,0.0
3.33,0.0
23.81,28.57
5.88,5.88
5.88,4.41
0.0,50.0
0.0,50.0
0.0,2.27
4.55,2.27
0.0,6.82
10.71,3.57
10.71,3.57
10.71,5.36
10.71,5.36
1.67,3.33
4.84,5.65
5.88,2.21
1.54,1.54
1.49,1.49
6.45,0.0
66.67,26.67
73.33,23.33
53.33,26.67
53.33,26.67
66.67,26.67
40.0,33.33
40.0,33.33
43.59,7.69
41.03,10.26
43.59,7.69
43.59,7.69
57.69,1.92
60.61,18.18
63.64,18.18
57.58,18.18
20.0,0.0
0.0,0.0
0.0,8.33
25.0,0.0
16.67,8.33
11.11,11.11
16.67,0.0
25.0,0.0
44.44,0.0
6.67,0.0
6.67,0.0
0.0,0.0
27.03,0.0
0.0,0.0
0.0,0.42
6.67,0.0
6.67,0.0
26.67,0.0
33.33,0.0
0.0,1.67
0.0,1.67
1.67,4.17
0.0,1.67
3.33,60.0
3.33,36.67
10.0,15.0
6.67,23.33
6.67,8.33
13.33,23.33
3.33,46.67
13.33,40.0
26.67,20.0
3.33,46.67
10.0,15.0
0.0,4.55
0.0,100.0
0.0,100.0
0.0,84.62
10.0,16.67
50.0,0.0
40.0,0.0
41.67,0.0
58.33,0.0
58.33,0.0
0.0,0.0
0.0,0.0
0.0,0.0
0.0,0.0
0.0,0.0
67.86,7.14
67.86,7.14
37.5,6.25
0.0,25.0
0.0,25.0
0.0,25.0
0.0,25.0
54.55,22.73
63.64,18.18
9.38,50.0
0.0,32.14
32.43,6.76
12.3,0.0
23.21,2.68
0.0,14.29
3.23,1.61
6.25,0.0
0.81,4.84
1.03,4.62
43.24,0.0
40.54,0.0
40.54,0.0
0.0,2.0
32.43,6.76
32.43,6.76
32.43,6.76
32.43,6.76
28.57,16.67
45.71,11.43
2.5,6.25
41.94,0.0
36.67,3.33
2.5,6.25
43.33,3.33
53.12,0.0
6.67,3.33
9.38,0.0
32.14,1.79
43.33,5.0
17.24,1.72
0.0,1.35
27.08,16.67
34.29,4.29
30.23,4.65
3.57,5.36
21.15,1.92
37.5,6.25
27.27,4.55
9.09,0.0
53.33,0.0
53.33,0.0
53.33,0.0
53.33,0.0
0.0,24.24
3.03,4.55
3.03,4.55
3.03,4.55
3.03,4.55
0.0,27.27
0.0,13.64
0.0,27.27
0.0,13.64
0.0,6.06
3.57,50.0
53.57,25.0
0.0,50.0
14.29,42.86
3.57,50.0
14.29,42.86
3.57,53.57
3.57,46.43
7.14,46.43
3.57,53.57
3.57,50.0
3.57,50.0
3.57,50.0
37.5,12.5
0.0,10.0
0.0,10.71
50.0,3.12
20.0,13.33
7.14,21.43
22.58,8.06
25.81,9.68
25.81,11.29
12.9,16.13
13.27,0.0
7.41,0.0
40.74,3.7
34.48,10.34
76.19,0.0
76.19,0.0
45.07,0.0
60.0,0.0
40.0,0.0
60.0,0.0
40.0,0.0
40.0,0.0
6.43,0.0
8.57,0.71
6.43,0.0
8.57,0.71
6.43,0.0
12.86,0.0
7.14,0.0
10.71,0.0
5.0,0.0
11.11,11.11
2.0,2.0
4.29,4.29
7.14,8.57
4.29,4.29
7.02,0.88
4.76,23.81
22.73,13.64
0.0,25.0
0.0,31.58
0.0,32.14
0.0,21.43
0.0,32.14
0.0,32.14
3.54,4.42
3.54,0.88
3.54,4.42
3.54,0.88
3.33,16.67
3.33,16.67
3.33,16.67
3.33,16.67
6.67,6.67
5.42,1.04
0.0,32.14
0.0,32.14
0.0,32.14
0.0,28.57
0.0,28.57
0.0,21.43
0.0,32.14
0.0,32.14
0.0,28.57
0.0,21.43
0.0,32.14
0.0,28.57
0.0,32.14
7.93,0.0
14.98,0.88
14.98,0.88
7.14,25.0
0.0,32.14
6.67,15.0
3.57,21.43
6.67,30.0
16.67,23.33
0.0,28.57
6.25,3.12
8.77,12.28
7.14,16.07
7.14,21.43
7.02,14.04
7.02,14.04
25.0,11.36
3.7,25.93
1.75,0.88
8.77,1.75
8.75,0.0
8.75,0.0
8.75,0.0
10.0,0.0
9.58,0.0
6.67,0.0
3.33,10.0
0.0,33.33
4.0,8.0
4.0,8.0
3.45,8.62
40.0,0.0
20.0,0.0
6.43,0.0
11.11,16.67
2.35,0.0
8.05,0.0
3.08,10.77
0.0,11.11
0.0,42.86
3.23,8.39
4.76,23.81
4.76,0.0
5.26,26.32
5.26,26.32
0.0,33.33
0.0,28.57
0.0,28.57
3.54,4.42
3.54,0.0
3.33,16.67
3.54,4.42
3.33,16.67
0.0,21.43
0.0,32.14
0.0,30.0
0.0,30.0
7.14,32.14
15.29,0.88
15.29,0.88
14.71,0.88
14.71,0.88
14.71,0.88
15.29,0.88
15.29,0.88
15.29,0.88
15.29,0.88
7.06,0.0
7.06,0.0
7.06,0.0
7.65,0.0
7.65,0.0
14.98,0.88
14.98,0.88
5.73,0.0
0.0,78.57
0.0,78.57
0.0,78.57
0.0,71.43
7.69,3.08
9.17,0.0
5.0,1.04
5.0,2.08
5.0,0.0
4.58,3.33
9.17,1.04
4.58,3.33
5.0,2.08
5.0,0.0
9.17,1.04
0.0,3.57
0.0,1.35
9.23,0.77
8.46,0.77
0.77,1.54
6.67,0.0
0.82,1.02
0.86,0.0
0.86,0.0
0.0,0.0
28.95,21.05
29.17,6.25
29.17,10.42
29.17,10.42
29.17,6.25
39.47,21.05
3.57,2.68
0.0,21.43
0.0,21.43
3.57,5.36
3.03,0.0
3.03,0.0
5.88,0.0
0.0,0.0
0.0,0.0
1.67,1.67
0.0,7.14
50.0,0.0
40.0,0.0
50.0,0.0
76.19,0.0
34.62,17.31
34.62,17.31
30.77,17.31
31.03,17.24
31.03,20.69
24.14,20.69
27.59,20.69
0.0,3.57
2.48,0.0
13.27,0.0
64.71,8.82
64.71,8.82
30.77,9.62
30.77,9.62
30.77,9.62
32.69,9.62
32.69,9.62
34.62,9.62
0.0,33.33
0.0,33.33
0.0,28.57
0.0,32.14
0.0,0.0
0.0,0.0
0.0,0.0
0.0,0.0
0.0,0.0
0.0,14.29
0.0,14.29
0.0,14.29
96.49,0.0
92.31,0.0
92.31,0.0
92.31,0.0
92.31,0.0
52.5,3.75
96.49,0.0
45.24,50.0
52.5,8.75
50.0,10.0
37.5,6.25
40.0,6.25
82.5,0.0
92.5,0.0
100.0,0.0
92.31,0.0
92.5,0.0
80.77,0.0
92.31,0.0
77.5,0.0
92.86,0.0
59.52,16.67
95.0,0.0
42.5,0.0
100.0,0.0
96.43,0.0
92.86,0.0
92.86,0.0
94.12,0.0
92.86,0.0
94.12,0.0
78.43,0.0
92.86,0.0
92.86,0.0
53.33,16.67
96.43,0.0
60.71,25.0
40.0,6.25
94.12,0.0
94.12,0.0
95.0,0.0
100.0,0.0
100.0,0.0
100.0,0.0
94.12,0.0
57.14,22.45
8.83,2.12
69.05,11.9
69.05,10.71
65.0,17.5
57.81,23.44
96.43,0.0
96.43,0.0
62.5,15.0
57.89,22.81
55.0,17.5
55.0,17.5
55.0,17.5
58.0,22.0
96.49,0.0
0.76,7.2
16.25,0.0
3.31,0.0
12.7,0.0
28.57,21.43
0.0,10.71
35.71,21.43
52.94,14.71
5.31,11.5
6.06,10.1
0.0,5.36
17.24,1.72
3.12,0.0
11.76,0.0
12.7,0.0
10.32,0.0
7.14,14.29
31.43,0.0
31.25,18.75
34.38,15.62
0.0,0.0
18.75,34.38
15.62,18.75
3.33,36.67
6.45,19.35
0.0,35.71
2.54,0.0
36.67,3.33
3.33,0.0
53.12,0.0
46.43,0.0
37.04,3.7
21.15,1.92
41.18,2.94
37.5,6.25
0.0,50.0
32.0,18.0
36.0,10.0
30.77,13.46
8.0,2.0
25.0,0.0
33.33,1.67
0.0,16.67
3.33,13.33
50.0,5.0
23.38,3.25
90.48,0.0
6.45,0.0
3.57,53.57
39.29,32.14
0.0,0.0
30.77,9.62
32.69,9.62
30.77,9.62
4.29,1.43
0.0,0.0
2.38,3.57
0.0,0.0
6.45,14.52
3.48,1.3
2.63,4.39
0.0,32.14
0.0,32.14
0.0,32.14
0.0,21.43
0.78,1.95
3.23,0.0
3.23,0.0
1.79,0.89
1.54,0.77
1.79,0.89
1.79,0.89
1.79,0.89
1.79,0.89
20.0,10.77
0.0,0.0
0.0,0.0
0.0,0.0
4.65,3.49
0.0,0.59
5.88,1.18
14.58,0.0
16.67,0.0
8.0,2.0
33.33,8.33
55.17,8.62
2.44,0.41
0.77,0.0
0.0,0.0
2.0,0.0
4.29,4.29
0.0,0.0
0.0,0.0
0.0,0.0
76.19,0.0
23.81,28.57
3.57,32.14
8.57,22.86
8.33,0.0
41.18,2.94
6.67,20.0
6.67,20.0
0.0,6.67
0.0,32.14
0.0,21.43
28.57,21.43
25.0,17.86
25.0,17.86
28.57,16.07
53.85,19.23
7.69,25.64
8.57,22.86
10.26,23.08
20.0,0.0
0.0,16.67
0.83,10.83
0.83,2.08
0.0,32.14
3.57,50.0
0.0,6.25
11.25,0.0
9.17,0.0
12.92,0.0
3.57,3.57
16.9,0.0
30.59,1.18
0.0,0.0
0.0,0.0
15.0,0.0
11.25,0.0
15.87,3.97
15.87,3.97
5.83,0.0
0.0,35.71
3.23,3.23
2.4,0.0
6.98,2.33
6.98,2.33
8.0,2.0
17.86,0.0
0.0,0.0
0.0,0.0
0.0,0.0
0.0,0.0
1.32,13.16
16.81,0.0
0.0,31.03
33.33,0.0
46.67,0.0
26.67,0.0
40.0,0.0
26.67,0.0
53.85,7.69
5.26,18.42
22.45,10.2
30.61,8.16
30.61,8.16
10.13,0.0
0.0,46.67
3.57,7.14
0.0,0.0
34.62,17.31
34.62,17.31
34.62,17.31
30.77,17.31
34.62,17.31
34.62,17.31
14.29,7.14
5.0,3.33
4.96,2.48
4.96,2.89
4.92,4.92
5.0,3.33
48.48,0.0
41.18,2.94
46.43,0.0
37.5,6.25
41.94,0.0
53.12,0.0
37.04,3.7
32.14,1.79
6.67,3.33
36.67,3.33
39.13,2.17
3.97,0.0
3.97,0.0
3.97,0.0
1.85,29.63
1.85,29.63
2.22,28.89
16.36,4.55
50.0,0.0
50.0,0.0
50.0,0.0
50.0,0.0
50.0,0.0
11.11,0.0
6.67,0.0
63.33,16.67
10.0,0.0
100.0,0.0
100.0,0.0
23.53,0.0
22.22,5.56
20.63,4.76
22.22,4.76
22.22,4.76
23.81,4.76
20.63,4.76
20.63,4.76
20.63,4.76
22.22,4.76
20.63,4.76
22.22,6.35
22.22,5.56
0.0,6.67
40.74,22.22
23.26,1.16
1.97,0.0
44.19,16.28
5.88,4.41
5.88,5.88
2.47,0.0
1.11,0.0
4.49,0.0
5.56,1.11
4.44,0.0
10.26,23.08
6.25,25.0
25.0,16.67
34.21,26.32
39.44,22.54
25.0,16.67
1.33,14.67
1.19,14.29
1.16,15.12
1.43,14.29
13.33,30.0
88.33,0.0
33.33,3.7
38.89,3.7
8.75,0.0
8.75,0.0
8.75,0.0
8.75,0.0
53.33,22.67
44.19,13.95
1.19,5.95
1.19,5.95
30.43,19.57
0.0,0.0
20.59,3.68
20.59,3.68
19.12,3.68
75.0,25.0
50.0,25.0
100.0,0.0
100.0,0.0
75.0,0.0
0.66,18.54
3.57,53.57
39.29,32.14
3.57,50.0
57.14,25.0
3.57,53.57
0.0,10.0
51.72,27.59
20.9,8.96
15.69,19.61
3.91,0.78
29.85,0.0
3.2,0.8
1.18,27.06
0.0,4.64
0.66,5.96
1.79,14.29
0.0,2.14
78.57,1.79
78.57,1.79
46.67,21.33
47.83,13.04
45.65,13.04
47.83,13.04
43.48,10.87
38.0,24.0
34.0,26.0
0.0,0.89
0.0,1.79
0.0,1.79
0.0,1.79
0.0,0.45
0.0,4.46
0.0,0.45
0.0,0.89
50.0,0.0
50.0,0.0
50.0,25.0
50.0,25.0
100.0,0.0
71.43,20.0
71.43,20.0
100.0,0.0
100.0,0.0
75.0,25.0
75.0,0.0
66.67,16.67
66.67,16.67
66.67,16.67
23.53,0.0
47.83,13.04
25.0,6.25
35.71,19.05
38.1,19.05
0.0,32.14
4.0,0.0
9.33,0.0
13.33,0.0
11.33,0.0
12.67,0.0
12.0,0.0
11.33,0.0
13.33,0.0
13.33,0.0
0.41,0.41
0.82,0.82
0.0,0.0
24.44,7.78
22.22,17.78
22.22,17.78
20.0,17.78
2.04,9.52
2.04,10.2
2.72,8.84
2.04,10.2
2.04,12.24
2.04,10.2
50.0,7.69
46.15,9.62
48.15,7.41
56.25,7.81
37.04,0.0
44.83,3.45
46.43,7.14
41.67,0.0
50.0,8.93
48.94,10.64
50.0,7.14
50.0,0.0
75.0,25.0
50.0,0.0
75.0,0.0
50.0,25.0
75.0,0.0
50.0,0.0
50.0,0.0
75.0,0.0
100.0,0.0
0.0,25.0
26.53,18.37
28.57,20.41
30.61,20.41
26.26,17.17
25.25,17.17
32.32,18.18
3.57,28.57
0.0,35.71
7.14,32.14
0.0,35.71
7.14,32.14
3.57,35.71
7.14,35.71
0.0,35.71
36.67,3.33
53.12,0.0
37.04,3.7
21.15,1.92
12.12,0.0
6.67,3.33
6.25,0.0
36.67,3.33
41.94,0.0
32.14,1.79
13.33,0.0
13.33,0.0
12.0,0.0
13.22,0.0
12.0,0.0
33.33,10.0
33.33,0.0
33.33,10.0
33.33,10.0
0.0,6.67
33.33,10.0
33.33,10.0
33.33,10.0
34.29,14.29
34.29,14.29
34.29,14.29
25.0,10.71
0.0,32.14
0.0,28.57
0.0,0.0
27.03,0.0
0.0,13.64
0.0,30.3
0.0,27.27
50.0,25.0
43.66,21.13
46.48,21.13
45.07,21.13
47.89,22.54
0.0,0.0
0.0,1.79
0.0,1.79
4.0,13.33
1.67,16.67
23.64,20.0
3.03,18.18
15.38,19.23
20.51,17.95
3.57,5.36
2.86,4.29
30.77,9.62
32.69,9.62
30.77,9.62
88.89,0.0
33.33,16.67
33.33,16.67
37.04,18.52
2.86,12.14
2.94,11.03
3.14,11.95
50.0,0.0
1.54,0.77
26.55,17.7
26.55,16.81
25.88,17.65
35.9,6.41
30.77,4.49
28.57,20.41
28.57,18.37
20.0,20.0
7.35,13.24
8.82,12.5
14.71,12.5
19.12,12.5
5.88,12.5
24.0,20.0
33.33,10.0
33.33,10.0
13.24,12.5
40.0,10.0
36.0,12.0
36.0,16.0
32.0,14.0
36.0,20.0
32.0,14.0
7.32,0.0
6.2,0.0
6.48,0.0
6.48,0.0
6.48,0.0
3.57,50.0
28.0,20.0
36.0,14.0
32.0,16.0
100.0,12.5
100.0,25.0
100.0,25.0
34.21,23.68
28.07,15.79
40.62,25.0
39.29,21.43
28.12,15.62
29.69,17.19
4.2,8.39
2.16,11.51
50.0,25.0
75.0,12.5
50.0,25.0
50.0,25.0
75.0,12.5
50.0,25.0
50.0,25.0
27.06,21.18
13.33,16.67
1.64,3.28
1.79,0.89
23.44,9.38
37.93,27.59
4.96,0.0
9.38,0.0
9.09,0.0
0.0,30.0
1.75,0.88
11.11,16.67
45.0,0.0
33.8,0.0
94.44,0.0
100.0,0.0
13.49,0.0
1.67,0.0
1.67,0.0
5.0,0.0
3.33,0.0
4.8,0.8
4.8,0.8
4.8,0.4
2.4,0.0
0.0,0.0
3.31,0.0
4.92,0.0
3.28,0.0
0.0,0.0
2.31,0.0
2.92,0.0
16.67,0.0
12.92,0.0
0.81,0.81
0.81,1.22
0.0,2.03
0.0,0.2
5.6,0.8
0.0,30.3
0.0,33.33
68.42,0.0
20.0,0.0
18.46,9.23
15.62,9.38
15.62,9.38
2.38,7.14
63.33,0.0
0.0,0.0
2.5,6.25
8.46,0.77
45.0,0.0
3.33,0.0
20.0,0.0
45.0,0.0
25.0,0.0
9.38,50.0
9.38,46.88
76.19,0.0
19.0,0.0
56.67,0.0
33.33,18.18
36.36,18.18
33.33,18.18
33.33,18.18
33.33,18.18
33.33,18.18
3.57,46.43
10.0,6.67
0.0,0.0
0.0,0.0
23.44,10.94
23.44,9.38
23.44,9.38
0.0,18.75
0.0,18.42
12.5,0.0
11.67,0.0
10.0,2.5
20.0,13.33
25.71,0.0
20.59,0.0
13.33,6.67
5.88,0.0
0.0,0.0
53.49,13.95
53.49,13.95
48.84,16.28
53.49,13.95
46.51,20.93
53.49,13.95
48.84,16.28
51.16,13.95
53.49,13.95
41.4,14.8
20.18,20.18
10.53,13.16
30.43,31.52
11.4,14.04
21.05,15.79
20.18,20.18
14.91,17.54
10.53,16.67
7.2,12.8
13.6,12.8
12.8,12.0
6.4,12.0
32.8,12.8
16.0,12.8
12.0,12.0
4.0,12.8
3.2,12.8
0.0,35.71
37.5,6.25
7.14,67.86
27.78,19.44
50.0,7.35
47.06,0.0
40.0,0.0
35.9,0.0
0.0,100.0
0.0,30.0
4.24,2.97
2.36,14.17
4.24,10.17
44.44,0.0
36.84,0.0
5.88,2.94
56.41,1.28
56.41,1.28
3.33,36.67
3.45,51.72
3.45,51.72
3.45,51.72
44.44,0.0
44.44,0.0
3.23,4.84
20.51,0.0
10.0,30.0
33.33,0.0
50.0,16.67
52.78,16.67
3.33,36.67
3.33,36.67
27.78,19.44
42.11,0.0
42.86,0.0
42.11,0.0
42.11,0.0
30.77,0.0
20.59,0.0
3.12,15.62
34.15,19.51
52.38,0.0
47.62,0.0
0.0,24.0
47.06,0.0
57.14,0.0
14.29,14.29
28.57,14.29
0.0,28.57
6.67,26.67
16.67,0.0
41.67,13.89
33.33,0.0
40.0,0.0
40.0,0.0
34.29,0.0
28.57,1.43
30.3,0.0
9.09,0.0
6.67,36.67
9.09,0.0
12.12,7.58
26.67,0.0
36.67,16.67
36.67,16.67
33.33,15.0
33.33,15.0
33.33,16.67
44.44,0.0
3.12,9.38
22.22,0.0
20.59,4.41
25.0,4.17
22.22,0.0
30.77,0.0
24.24,0.0
27.78,0.0
35.71,7.14
5.56,0.0
19.51,0.0
29.41,0.0
32.14,0.0
2.56,1.28
64.29,8.93
4.31,0.59
3.92,0.78
5.88,0.78
6.74,4.49
7.69,5.13
7.69,4.49
7.69,4.49
7.69,4.49
7.69,4.49
7.69,3.85
4.23,1.76
4.69,3.91
3.91,3.91
3.91,3.52
6.98,5.81
7.56,6.4
7.06,5.88
6.98,4.65
6.98,4.65
0.0,0.0
0.0,0.0
0.0,0.0
4.27,0.0
2.85,0.71
3.2,0.89
10.0,1.17
6.41,1.42
3.56,1.78
4.98,3.2
4.27,0.0
4.27,0.36
10.71,1.25
44.0,0.0
3.96,0.31
4.29,0.0
4.58,0.0
4.27,0.0
5.34,0.0
4.63,0.0
4.0,0.1
65.0,0.0
50.0,25.0
50.0,25.0
52.5,22.5
37.5,17.5
29.41,0.0
47.06,17.65
11.76,0.0
35.71,0.0
7.07,1.26
14.65,1.52
14.65,1.52
22.35,22.35
27.43,15.04
26.55,18.58
28.32,15.04
28.32,15.04
24.78,15.93
19.47,17.7
26.32,15.79
26.32,15.79
23.53,16.67
24.51,16.67
26.32,15.79
24.56,15.79
0.0,30.0
1.1,18.68
78.57,0.0
78.57,0.0
76.92,0.0
64.86,0.0
61.54,0.0
78.57,0.0
76.92,0.0
68.75,0.0
73.17,0.0
73.17,0.0
54.55,13.64
45.24,0.0
73.17,0.0
77.5,0.0
86.84,0.0
42.5,0.0
56.1,7.32
71.79,0.0
68.29,0.0
73.33,0.0
64.29,0.0
57.89,28.95
73.33,0.0
21.0,0.0
86.67,0.0
52.38,21.43
65.85,7.32
45.24,28.57
28.0,0.0
73.17,0.0
71.43,0.0
55.56,0.0
67.5,17.5
57.89,28.95
45.0,35.0
73.33,0.0
78.05,0.0
82.05,0.0
78.05,0.0
79.49,0.0
80.49,0.0
76.92,0.0
71.79,0.0
54.76,19.05
58.97,0.0
50.0,9.21
55.0,0.0
73.33,0.0
66.0,0.0
72.0,0.0
0.0,50.0
15.88,2.94
17.06,2.94
0.7,9.7
1.1,7.0
4.0,11.1
1.3,27.0
2.3,9.0
1.9,8.8
3.1,26.1
0.9,26.9
2.8,25.2
0.9,26.9
2.8,8.0
2.0,10.0
0.6,2.4
0.9,1.0
2.1,0.0
4.46,0.89
57.14,0.0
52.0,0.0
42.86,0.0
76.67,0.0
57.14,0.0
2.93,1.4
10.59,1.47
10.59,1.47
10.59,1.47
10.59,1.47
12.94,1.47
12.94,1.47
12.35,1.47
8.82,1.76
14.12,3.53
12.35,8.24
4.71,0.0
17.65,2.94
10.59,4.12
15.88,2.94
17.06,2.94
14.71,0.0
16.47,0.0
15.88,0.0
15.88,0.0
12.33,8.37
3.52,7.93
4.85,0.0
10.13,3.96
14.1,0.0
11.89,0.0
15.86,3.52
8.4,0.5
2.6,24.5
0.6,1.8
0.0,5.3
1.57,4.71
2.35,5.49
0.0,100.0
3.53,7.45
2.84,12.77
4.26,6.38
0.0,5.0
0.0,51.0
2.83,6.71
2.86,1.43
5.71,1.43
0.0,12.5
0.0,12.5
6.67,3.33
0.0,10.0
50.0,5.0
0.0,10.0
0.0,12.5
60.0,0.0
50.0,5.0
50.0,5.0
0.0,10.0
0.0,37.5
0.0,25.0
60.0,0.0
60.0,0.0
60.0,0.0
0.0,0.0
0.0,12.5
65.0,0.0
0.0,18.75
0.0,43.75
0.0,31.25
0.0,0.0
12.0,4.0
8.0,4.0
0.0,2.0
0.0,2.0
0.0,2.0
0.0,2.0
10.0,16.0
0.0,2.0
0.0,0.0
0.0,2.35
0.0,12.5
2.22,8.89
15.0,0.0
3.94,7.87
3.81,2.86
3.33,7.5
3.64,6.36
3.52,1.54
3.52,1.54
3.52,3.52
3.52,3.52
12.2,1.36
13.9,1.53
12.71,1.27
18.22,1.48
3.57,39.29
3.57,25.0
7.14,50.0
0.0,1.18
1.41,0.7
0.0,1.18
3.57,17.86
3.57,2.68
3.85,3.85
20.0,0.0
86.67,0.0
85.71,0.0
0.0,5.0
6.67,46.67
4.0,2.0
3.57,0.0
3.57,0.0
0.0,0.0
0.0,0.0
0.0,35.0
0.0,35.0
0.0,20.0
0.0,35.0
25.0,5.0
0.0,5.0
0.0,7.5
0.0,10.0
0.0,0.0
0.0,37.5
0.0,40.0
0.0,40.0
0.0,37.5
0.0,40.0
0.0,2.17
41.94,29.03
0.0,15.0
0.0,50.0
3.57,42.86
0.0,25.0
0.0,10.0
0.0,4.0
0.0,2.17
20.0,2.0
0.0,12.5
0.0,0.0
4.0,2.5
4.8,0.5
0.05,3.7
48.0,18.0
0.5,91.5
2.54,1.69
3.38,1.48
2.92,0.0
5.0,2.08
5.0,1.04
83.33,0.0
6.25,53.12
6.25,53.12
3.12,53.12
2.5,6.25
20.0,4.55
0.0,15.15
2.78,0.0
4.92,0.0
32.5,3.75
32.5,3.75
10.62,0.0
8.85,0.0
8.85,0.0
3.54,0.0
3.54,0.0
3.54,1.77
9.73,0.0
11.81,0.0
10.0,10.0
27.27,12.73
6.45,2.02
6.45,2.02
5.65,2.02
10.62,0.0
20.75,20.75
21.4,23.2
26.42,18.87
3.57,17.86
7.14,4.29
7.14,4.29
12.39,0.0
0.0,8.45
3.67,2.04
2.04,1.02
1.63,1.02
1.18,0.59
0.0,0.0
0.0,0.0
3.0,0.0
2.22,0.0
4.71,0.0
4.8,0.4
1.67,0.0
9.02,0.0
7.96,0.0
8.85,0.0
2.5,0.0
1.71,0.0
8.0,0.0
0.77,0.0
0.77,0.38
0.77,0.0
7.34,0.0
7.34,0.0
7.34,0.0
7.34,0.0
2.31,0.0
13.33,0.0
0.0,0.0
2.61,6.96
2.14,5.71
11.81,0.0
1.47,2.21
12.39,6.19
7.59,26.58
2.94,20.59
2.94,20.59
9.73,3.1
10.71,16.07
0.0,21.43
18.67,16.0
33.33,17.33
24.0,17.33
20.0,20.0
0.1,8.2
2.8,3.3
0.0,14.0
3.53,31.7
0.0,32.14
3.57,32.14
7.14,28.57
3.57,28.57
0.0,28.6
0.0,32.14
0.0,32.14
0.0,32.14
0.0,32.14
7.14,32.14
3.57,32.14
0.0,31.7
3.51,31.58
7.02,28.07
10.71,21.43
10.71,21.43
8.7,21.74
26.67,8.89
17.0,7.0
5.0,7.0
